Time,Amount,V1,V2,V3,V4,V5,V6,V7,V8,V9,V10,V11,V12,V13,V14,V15,V16,V17,V18,V19,V20,V21,V22,V23,V24,V25,V26,V27,V28,Class
8925,908.67,-0.2922,-0.8515,-0.4588,-2.5017,0.6532,2.0035,0.3284,-0.1414,-1.5612,-0.6293,0.971,1.3777,1.2868,-0.3972,0.1541,-0.4061,0.0895,2.6265,-0.2621,-0.4413,-0.1304,0.4276,-0.195,-0.1719,-1.4362,0.9273,-0.9859,0.6007,0
77395,700.01,-0.1035,0.6656,-0.4248,-1.704,-0.2767,0.8242,0.1787,0.8731,0.5429,0.4678,-1.5803,-0.0023,-1.9098,-0.3324,0.9694,-1.0285,-0.2373,1.3502,-0.7259,0.7546,0.4138,-0.3202,-0.5929,1.1793,2.0304,1.7708,-0.7221,-0.8961,0
65457,266.6,-0.252,1.0853,0.3141,-0.833,-0.5961,0.1697,-0.6163,-0.5348,1.0245,0.1951,0.4467,0.8153,-1.2795,-0.8176,1.2382,-0.2171,-1.2124,0.7183,-1.2155,2.2765,-0.4419,1.7595,1.1072,0.5594,0.3047,0.4803,-0.2545,1.8113,0
43887,969.21,0.1526,0.3665,-0.2458,-0.5577,0.0085,-0.4391,-0.0227,-1.5725,-0.7832,0.6294,1.1415,-0.7018,-1.032,0.4216,-0.6651,0.2773,-0.9553,-0.0856,-1.4135,0.0616,-1.5739,-0.9035,0.2931,-1.4672,0.4798,-0.8974,-2.3546,-0.3517,0
43301,778.97,1.4715,-0.2862,0.9521,-0.4084,0.7949,-0.3946,-0.6225,-1.3819,-1.1369,0.1319,1.2027,0.766,-0.0633,-0.094,0.9374,-0.4947,-0.282,-1.9388,-2.3397,-0.7654,-0.8657,-0.7353,0.2653,-1.1021,-1.3402,0.3389,-0.2074,-0.269,0
85859,717.17,-2.5667,0.454,-2.2518,0.0386,0.1804,-2.1292,-1.0717,-0.5319,-2.156,0.8188,-0.4266,-0.762,-0.3657,-0.6632,-0.7841,0.554,0.2415,-1.3223,-1.0563,-1.185,1.2813,-0.9698,-0.7431,-0.8336,-0.0012,2.4275,-0.5446,1.4373,0
8594,449.91,-0.2369,-0.3087,-0.8267,-0.3117,-0.6561,0.2576,-0.3536,-1.2491,-0.2664,0.0946,1.1649,1.0907,1.3991,-0.6622,1.8262,-0.583,1.4408,1.2828,0.6275,0.552,0.0748,0.3235,-0.121,-0.8548,0.5092,0.1024,0.7838,0.6589,0
69736,272.97,0.1765,0.9355,-0.7824,1.0493,1.2263,0.8455,-1.104,0.4102,-0.5816,0.7847,0.9277,2.2106,0.9543,-1.2104,-1.1338,0.6204,-0.0418,-0.7898,-1.5985,-1.7646,0.4511,-1.3731,0.361,-0.0903,-0.2528,1.4618,0.3524,2.2011,0
20146,97.29,0.296,-1.8314,-2.3204,-0.676,1.5792,-1.5756,0.3228,-0.4658,-1.551,0.8708,2.5725,-0.1221,0.4953,0.9788,1.3285,0.4422,1.0035,-0.6993,-1.3681,0.5503,-0.2614,-0.4785,0.7162,0.6146,1.0757,-0.7403,-0.6007,0.2487,0
9417,902.7,-0.3719,-0.3356,-0.9636,-0.8623,0.4946,-0.6614,-1.1501,2.3746,0.453,-0.8045,-0.75,-2.1925,0.1456,0.0786,-0.6565,-0.0609,1.0793,-0.1657,1.7909,0.8177,-0.6595,-2.1524,-0.0939,1.2552,2.3118,-0.0421,0.59,-0.397,1
52647,456.32,-1.7567,-1.9908,-0.9152,0.4789,0.9737,-1.1575,0.712,-1.7377,-0.45,-1.8081,-0.5074,-0.5481,0.3932,-0.8628,2.0132,-0.4414,-0.2314,-1.062,-0.6365,0.4363,1.6776,0.2404,1.0791,0.3082,-0.9471,0.6196,0.7233,-0.6118,0
97562,203.16,0.328,-1.4951,-0.2011,-1.5356,1.242,-0.9654,-1.1815,0.2036,-1.0757,1.5435,-0.3061,1.2319,-0.862,0.8085,0.5913,0.1515,0.5947,-1.2268,0.321,-0.2197,-0.1882,-0.5002,0.008,-0.4457,-1.0221,0.3973,-0.7685,-1.847,0
73575,306.65,1.7274,1.3639,1.113,0.3897,1.1301,0.0535,-0.5663,-1.128,-0.5546,0.2567,-0.4902,0.5531,0.8572,-0.5604,-1.016,0.5503,-0.2435,-0.0505,0.6423,0.5649,-0.4434,-1.4881,0.7928,-2.0822,-0.8778,-0.7664,-0.493,-0.2786,0
76113,579.64,-1.5339,0.8952,-0.2451,0.1026,0.6141,-2.0844,-0.6246,-0.4934,1.0713,-1.7145,-0.89,0.2489,-1.112,-1.4065,-0.5222,2.0618,1.3221,-0.8915,0.6625,0.1709,1.0961,1.0856,-0.4899,0.0706,1.6062,-0.8095,-2.2254,1.1446,0
71747,177.6,0.8638,-0.7195,-1.0308,-0.1474,0.5983,0.6143,1.3251,0.1414,0.6029,-0.7138,-2.7627,1.0087,0.8354,1.0212,0.7812,0.9394,0.6358,-0.741,-1.5223,-0.7781,-0.7224,-1.3077,-1.8126,0.0258,1.0424,0.9883,-1.0907,0.5988,0
78606,856.76,-0.3285,-1.5025,-0.057,1.5883,0.5197,0.7539,0.3303,-2.3254,-0.13,0.7719,-0.4347,0.4845,1.1861,-0.5371,1.0526,0.976,-1.1905,-0.7812,-0.2311,1.8504,-0.5947,0.7969,0.2684,0.1829,-0.1355,1.1916,-0.7425,0.0203,0
51322,758.76,-0.0613,-2.9645,1.0492,-0.6222,-1.0973,-0.2511,-0.2117,0.2368,0.6191,-0.2797,0.3694,1.2177,0.2109,-0.4089,-0.0707,3.0885,0.1615,0.5224,-1.6182,-0.3517,0.0102,-0.701,0.7253,2.1062,0.0366,1.5121,0.0742,-0.9949,0
12811,719.74,-1.0529,-0.5435,-0.976,2.0603,0.7007,-2.4807,0.4987,1.9029,-1.1609,-0.5121,-0.4932,0.9194,-0.1762,0.0412,0.0447,0.516,1.6481,-0.2321,2.4463,0.7758,0.0003,1.6016,0.5753,1.2406,-0.8165,1.8039,-0.9454,0.2269,0
83974,432.66,-0.3345,2.4204,-0.9106,-0.2254,-1.3558,-0.9964,-2.1072,-0.4534,0.0324,1.4009,1.9354,1.5217,0.4003,1.1426,0.7584,0.4846,-0.1812,-0.1786,-1.5949,-2.4186,0.2596,0.7496,0.4222,0.7851,0.89,0.1346,-0.5135,1.0128,0
45038,627.68,1.3,0.4349,0.5585,-1.277,-0.7946,1.2329,-0.0431,0.2598,0.1473,-1.0473,0.0134,0.3588,-2.8615,0.02,0.1318,0.704,0.4477,0.5969,-1.0478,1.2765,2.0917,-1.008,-0.3486,-0.9621,-0.3799,-0.3112,-1.2253,0.4307,0
50035,584.51,0.5827,-0.5596,-0.2215,0.0699,1.3036,-2.778,1.9975,1.0249,-0.4698,-0.7982,1.291,0.9053,0.3023,-1.1991,-1.2935,-1.009,0.5459,-0.142,-1.0406,1.4688,0.3362,-0.9171,-0.8067,-0.513,-0.2601,1.351,0.1711,0.1667,0
37079,650.2,1.7323,0.4651,0.6475,-1.0762,0.8402,-0.3475,0.1323,-0.164,0.4355,0.2114,0.2614,-0.3071,-0.1134,0.5439,-0.813,-0.4439,-1.0366,-0.2783,-1.4967,0.0298,-2.3781,0.6055,0.5517,-0.0948,0.6088,0.7131,0.4257,-0.797,0
18254,85.36,1.1774,-1.561,-0.0136,-0.7518,1.4874,-1.18,0.0679,-0.581,-0.7804,0.3905,0.8264,-0.6015,-0.0506,-0.485,0.2351,-0.5062,0.5107,0.4705,1.3526,0.5588,0.3263,-0.2624,0.4264,-0.7754,-0.188,-0.9825,0.4024,0.8672,0
92676,416.39,0.4391,-0.2973,0.7017,0.397,-0.2717,0.8046,0.5481,-2.2757,0.5098,0.4963,0.2792,1.7068,0.7065,1.8879,1.2155,0.6476,-1.3938,0.6682,2.4224,0.5585,0.0379,-0.1693,-0.5609,0.5005,-0.235,-1.0336,0.0124,-3.1319,0
78156,42.57,1.7439,0.0995,-1.0351,0.5556,-1.1522,-0.6751,0.8956,0.641,0.5519,0.9112,1.3688,0.2162,-0.0748,-0.0011,1.616,-0.1742,-0.6256,-0.1471,-0.4757,-0.6428,0.0435,1.2722,1.1094,0.3569,0.0106,0.4919,-1.5411,0.3828,1
64386,494.5,0.439,-0.0861,-0.0121,-0.6222,-0.2404,0.404,-1.9975,-0.1132,-2.9172,0.1986,0.0559,0.8049,-1.1402,-2.235,0.7795,0.1382,1.0757,0.0806,-1.3204,0.5471,0.2459,-0.7487,-0.8829,-1.0883,0.7954,-0.1773,-0.62,2.5703,0
40241,330.53,0.828,0.7908,-0.2107,0.9874,0.102,0.5655,-1.6823,-1.0127,1.1903,0.4894,0.4961,0.1237,-0.1414,0.3574,0.2873,1.0875,0.3568,-0.7818,-2.2369,-0.8086,-0.0287,0.0913,-0.5835,1.1968,1.6465,-0.0264,-0.4073,-1.5084,0
82276,145.38,-0.2966,0.3446,-1.2159,1.1575,0.079,1.8362,0.2103,0.1266,-3.0476,-0.2592,0.3663,-0.5865,0.0676,1.9446,0.7488,0.8632,-0.3045,-0.8607,-0.2441,-0.6088,-0.0526,0.9546,1.6364,0.1023,0.5855,1.0725,-0.4033,-0.2414,0
54542,104.3,0.0665,0.6683,-1.5635,1.4363,1.1337,-0.2029,-0.7149,-0.5837,-0.616,0.0627,-0.2883,0.011,0.1149,1.5759,-0.6668,-0.1617,0.4465,0.7691,-0.3164,1.1269,0.613,0.8091,0.8686,-1.7291,0.8033,0.759,0.075,-0.0079,0
44341,588.06,-0.6974,-0.6884,0.6857,0.5294,-0.3613,0.376,1.312,-0.5284,1.0253,0.1075,0.405,1.436,0.1619,1.831,-0.1532,-0.67,-0.0601,0.4449,-0.6513,0.9747,-0.5421,-0.1596,-0.358,-0.0513,-0.1999,1.3299,1.4255,-0.4626,0
45045,171.42,0.9896,0.8978,-0.351,1.3634,0.352,-1.4851,-0.3152,0.6063,-0.3173,0.2151,2.2344,0.5552,1.0394,-1.0198,-0.8241,1.1353,0.0126,0.4553,0.2214,-0.7064,-0.9477,-0.2889,0.2874,0.2812,-0.7078,-1.9315,0.8121,1.0364,0
22723,925.19,-1.1783,1.6289,-1.0223,-1.8808,-0.9886,1.1904,-1.9345,-1.3384,-1.4662,0.7725,-0.2704,-1.7115,-1.086,0.9122,-1.2487,0.7739,0.6568,0.2809,0.3952,-0.7336,3.0238,-1.7388,0.1548,0.9728,0.654,0.2534,-0.9875,0.4725,0
9213,581.48,0.7824,-0.9701,-0.0962,-0.3179,0.4503,-0.7605,-1.268,1.0473,-1.0937,0.5551,0.4195,-0.2152,0.1757,-0.722,0.3335,-1.6063,-0.7274,0.0462,0.3231,-0.6456,-0.7159,-1.0562,-2.7456,-0.3375,0.1712,0.6947,0.6784,0.1523,0
55458,347.52,-0.1907,-0.8877,1.128,-0.867,0.0031,-0.5608,-2.7497,-1.3977,1.0269,0.0442,1.2578,1.7823,1.2899,0.2243,0.1855,-0.3132,0.0403,0.6964,-0.3161,0.7326,0.1001,0.3184,-0.9065,0.8279,-1.4226,-1.5266,0.6403,0.7973,1
88788,591.32,1.1712,1.3358,-2.2807,0.1192,-0.7498,-0.0222,-0.2341,-0.6627,-1.9215,-0.8091,1.1403,-0.2138,-1.7346,-1.273,0.6877,0.1655,-0.3123,0.9351,-1.1016,-1.0,-1.4957,-0.1379,-0.0508,0.1871,-0.3281,-0.6549,-0.8061,0.0168,0
6381,23.78,0.7509,-0.1913,-1.4966,-0.5714,-0.2358,-1.5629,-0.1884,1.9229,1.129,0.0677,0.0117,-1.8005,0.1796,-0.6445,0.5461,0.7788,-1.5856,0.9112,0.6658,0.3567,0.1165,0.0749,-0.3566,-1.3151,-0.0829,-0.8405,0.8489,3.1799,0
85829,958.6,1.8206,1.4038,-0.9229,-0.1662,-0.1842,0.2288,-0.4245,1.1274,-0.0551,-0.028,-2.3834,1.893,-0.5854,-0.6762,0.2426,0.9101,-0.9205,-0.1008,0.0125,0.7468,-0.9332,1.0393,0.2471,-1.4152,-0.5105,0.0217,-0.1604,0.1513,0
82763,482.82,0.7308,-0.4425,1.4612,1.8822,-0.2702,0.9675,1.0789,0.0976,-1.1924,0.1932,0.5167,0.6824,-0.3707,0.8986,0.5566,0.2839,1.5682,1.387,0.8884,-0.0882,-0.4425,-1.1873,1.1295,1.1226,1.4817,1.6279,-1.41,0.1953,0
27675,782.95,-1.572,1.455,0.2826,-0.1697,1.7713,0.2929,1.1985,-0.9405,-0.5831,2.2065,-2.2195,-0.07,-0.9048,0.8007,-0.0427,0.5852,0.3847,0.2285,0.7901,1.0101,1.0451,-0.2362,-0.3215,1.196,0.4798,2.0226,0.4552,-1.7105,0
63166,83.65,-0.067,0.1315,0.7673,0.4138,-0.0984,-1.5889,-0.1704,-0.5293,-1.0172,-0.5238,1.4699,-0.3714,-0.1696,0.2768,0.4129,0.0641,-1.3236,0.6324,-1.4218,-0.3043,0.472,0.1887,-1.0577,0.3229,1.3732,-0.8143,0.217,-0.5435,1
16522,487.17,-1.172,0.2582,-1.1402,-0.2323,-0.2439,-0.1238,-2.1347,0.0733,0.8662,0.4223,0.1695,1.0824,1.8413,-1.3504,-0.7261,-0.6739,-1.5404,0.2821,-1.4342,-0.2139,0.5684,-0.7042,0.3249,1.4957,0.2634,0.5266,-0.2277,1.1474,0
75808,491.22,-0.5183,1.5647,-1.1195,0.0757,-2.0975,0.742,0.6173,0.0375,0.7324,1.0685,0.9997,-0.542,-1.2644,-0.3116,0.3697,-0.2613,-0.1122,0.247,-0.7555,-0.9772,-1.7712,1.4315,-0.3266,1.0566,0.0814,0.5588,-0.0375,-1.3355,0
70052,937.89,1.5112,-0.3618,0.4478,0.006,-0.8942,-1.878,0.5554,-0.0909,-1.7192,0.098,-0.9021,1.1483,-1.1696,-0.7461,0.6684,0.019,1.5612,-0.7358,-1.0563,1.0172,1.8369,0.9086,-0.1561,0.6836,-0.9366,0.3876,-0.7191,-2.1576,0
35452,572.16,0.6375,-0.9411,0.0583,0.4483,-0.2631,-1.0748,0.3094,-0.0308,-0.4036,2.3378,-1.5525,0.5422,-1.3019,0.8697,-0.6697,-0.0347,-0.1868,0.7014,0.7553,-0.7665,-1.1919,0.2901,-0.2918,-0.9113,0.0119,0.399,0.6101,0.0323,0
6792,474.02,-0.6989,-0.4486,0.5487,1.1653,-0.6859,0.8765,0.9815,-0.2144,-0.8632,-0.378,0.2608,0.2447,1.7274,1.1782,0.0518,-1.8856,1.307,2.8453,0.3513,0.3498,1.5286,1.7942,2.2418,1.7314,0.0131,0.3037,-0.0435,1.3707,0
97069,267.71,-1.0137,0.4523,-0.1877,1.6474,1.3817,0.2701,-1.1648,-1.442,1.2935,0.3241,-0.0336,0.1455,-0.4623,1.0564,-0.6236,-0.3975,0.3519,-0.3748,1.0992,-0.0713,1.0215,-1.4989,-2.2407,0.5363,-1.3671,1.6876,0.1664,0.0424,0
44568,332.24,0.0328,-1.5658,0.2781,0.3096,-0.1649,0.412,2.0088,-0.5165,-1.3501,-0.7988,-0.4915,-0.175,-0.0256,-0.7552,-0.5265,0.0562,0.4713,0.071,0.3965,-1.0528,0.5773,-0.0077,-0.3883,-0.3858,-0.5395,1.1025,0.3571,-0.3361,0
89312,521.15,-1.2166,0.6375,0.1581,0.5895,1.2884,1.8595,-0.9594,0.9146,1.6042,-0.3515,0.0847,1.0456,-0.4028,-2.7395,-1.1249,-0.2814,-1.3357,-0.4462,0.2086,-0.6091,-0.855,0.3663,-0.0037,-0.6683,-0.3233,-1.0602,-1.1546,-1.8585,0
67791,439.47,-0.6711,-0.5388,0.7778,-1.1509,0.0617,0.4686,0.7492,-1.3683,-0.0333,0.2489,2.7674,-0.8653,-0.9444,-1.767,1.2658,-0.2468,0.9375,-0.488,1.1997,1.3829,0.1516,-0.9146,-0.7811,0.2568,0.4135,0.7957,-0.8943,0.4523,0
77838,22.59,0.312,1.1478,0.807,-0.0879,0.0372,0.6579,-1.6873,-0.1896,-1.1619,0.8463,0.8345,-1.6219,-0.2352,1.4216,1.0657,0.488,-0.3349,1.5444,0.4697,0.2017,-0.4709,0.3007,0.8998,-1.6711,0.4614,0.8924,-2.2099,0.6613,0
75989,826.47,1.1553,-2.3943,-1.6199,0.9403,-0.0888,2.7107,-0.9303,-0.8198,-0.6773,0.3191,1.0495,0.6144,2.4582,-0.4013,0.5374,-1.079,0.8631,-0.673,0.0681,-1.0092,0.029,-1.1066,0.8133,0.6997,-0.5813,0.315,0.5647,-1.7817,0
19463,896.26,0.6088,-0.7866,-2.2473,0.866,0.0038,-0.2138,1.5164,0.1114,-0.8016,1.2591,0.8439,0.6312,1.3921,-0.7507,1.9722,-1.628,-0.8142,-0.4741,1.4805,0.3053,-0.2499,0.6906,-0.0478,-0.9536,0.4689,1.1314,-1.2122,1.1345,1
36390,141.11,-2.2913,-1.6865,1.0017,0.2116,1.7188,-0.7979,-0.2609,-0.3886,-1.2746,-0.095,1.4795,0.4802,-0.8529,1.6427,-0.1892,-0.3482,0.177,-1.5875,0.1152,-0.1461,-2.0386,1.0578,-0.2707,0.3706,-0.1821,0.1881,0.1326,0.7657,0
46672,554.48,0.3044,-0.8262,1.1877,0.8864,-2.3196,0.4278,0.8399,1.4774,0.0948,-0.3322,-0.1901,0.4077,0.6476,1.2652,3.0318,0.7641,0.352,-0.7576,-0.3043,3.454,1.1218,0.2723,-0.112,-0.5216,-2.8696,0.2005,0.371,1.1323,0
49779,109.47,0.072,0.2477,-1.0206,0.4908,-2.0015,0.439,0.237,0.5066,-1.2279,2.704,-2.0548,-0.3205,-0.8315,0.0244,-0.2275,1.6876,-0.154,-1.7084,-0.8378,0.2851,-0.0811,-1.8528,-0.1048,-0.2644,-0.4847,0.1212,0.6024,0.5835,0
4380,672.57,0.4139,-0.1792,-1.8598,1.2003,-0.5432,-0.5267,-0.105,-1.3118,-2.1804,0.3942,-0.1886,0.7875,-1.7764,-0.2934,0.2552,0.7821,0.4045,0.6318,0.703,-0.3806,-0.4848,-0.9668,-0.0784,-0.7569,1.079,-2.0182,-1.204,0.6537,0
54656,281.95,1.6162,-0.2534,0.099,0.2894,0.0145,-1.0324,1.3639,0.6712,-0.3797,-0.7195,0.8117,-0.0456,1.0195,-0.1321,-0.3978,-1.4683,-0.2664,2.7997,1.2371,1.42,-0.5603,0.5647,-0.188,-0.1612,-1.6818,-0.0804,-0.0652,0.5207,0
15428,659.76,-2.0632,-0.1592,0.9308,-0.3557,0.6901,2.3098,-0.2367,-0.7747,-1.8029,-0.6943,-0.9698,-0.4871,1.1601,0.2272,0.3723,-0.2324,-0.6491,-0.3667,-0.0506,-1.841,0.3585,0.0212,0.2524,1.8894,0.1127,-0.6683,1.6703,0.8685,0
74337,727.27,-0.5911,0.2034,1.7976,0.3358,0.4731,0.3268,-1.7807,-0.577,-0.7522,-0.9427,-0.1764,-0.3119,1.0461,1.6,0.8356,0.2566,1.6055,-1.6668,1.3079,0.0943,-0.8938,-2.694,0.7532,1.3851,1.5853,-1.1864,1.7143,-1.8188,0
68304,768.88,0.5909,-1.0085,0.5163,-2.9306,-0.3842,-0.7323,-0.8032,0.3138,-0.9091,0.9366,-0.6918,2.0206,-0.4699,0.4225,-0.1139,0.1776,1.049,0.9,-1.97,1.9944,-2.2552,1.2428,-1.2303,0.3545,-0.7606,1.434,0.9873,-1.5011,0
92252,108.63,-1.5816,0.7068,-0.3717,0.3829,1.019,0.9159,0.5512,-0.4917,-0.8712,-0.3644,1.502,-1.735,-0.1668,0.726,1.7767,0.5393,-0.7609,-0.7269,-0.0555,-0.1162,0.4071,0.1367,-1.0507,-0.0253,0.0021,0.5042,0.3375,-0.736,0
74476,916.1,1.4759,0.6627,-0.8931,-3.6484,1.0302,-0.1091,0.3955,0.8929,2.001,0.1274,0.7495,0.4998,0.7498,1.1693,0.2391,-0.917,0.5684,1.2993,-0.0401,-1.7333,0.5191,-0.8191,-1.7485,0.8442,-1.304,-0.0298,-1.0051,-0.1298,0
36664,230.98,0.3684,0.385,0.0115,-1.7235,0.1841,-0.2529,-1.5671,-0.7745,0.0564,-0.0635,0.6515,-1.6791,0.3915,-1.1697,0.2705,0.0649,-0.7427,-0.282,-0.727,-0.3959,-0.1996,0.995,0.8664,1.13,1.6272,-0.5648,0.7186,0.3881,0
96750,38.38,0.8466,0.5565,-0.2993,0.4518,0.9627,0.5623,-0.7243,-0.6189,0.2454,0.7315,0.6216,-0.1082,-0.3936,0.7549,-0.909,0.4203,-1.1847,-0.6318,2.3839,1.4545,-1.1479,-0.6775,0.2503,-0.8298,-0.0833,0.2962,-0.158,0.3247,0
41085,555.3,-0.5709,0.2964,-1.0151,0.4775,0.2726,-1.2919,-0.5817,-0.6564,-1.7764,-0.8467,-0.0372,-0.4336,-1.6191,-0.2946,0.4185,0.8257,1.0338,-0.178,-0.0662,0.3761,0.0889,-0.6885,0.5053,-0.0774,0.0466,0.9914,0.5605,1.1171,0
32582,371.55,0.8138,2.0351,2.0488,-1.1624,-0.5615,0.3526,-0.3655,-0.5656,-0.654,-1.0756,0.1976,-2.085,0.1139,-2.5161,-0.134,-0.8057,-1.7041,0.7578,-0.4077,-0.8389,-1.4645,0.3584,-1.4295,-1.822,1.3543,-0.827,-0.6328,1.1485,0
90553,829.96,1.0685,-0.0871,1.7852,-0.7121,0.6978,1.913,-1.3759,1.0992,0.2153,0.2243,-1.1852,0.389,1.079,-2.1282,-0.6082,-0.3452,0.9269,-0.2274,0.026,-0.6852,-1.0272,1.781,1.7849,1.1231,0.6615,-0.0048,-0.1729,-0.8724,0
37045,808.44,0.2329,-0.3071,1.136,1.3705,0.1106,0.4662,-0.6284,0.6288,-1.0245,0.601,-2.1864,-0.38,-1.1976,-1.0181,-0.7765,-2.7038,-0.2527,-0.4967,-2.0028,-0.5597,-0.7507,1.6236,-0.6089,2.065,-0.8756,0.8681,0.1641,0.2386,0
7634,317.82,0.2344,-0.7535,-0.9209,-0.484,0.0013,-0.3762,-0.7286,1.7099,0.9081,0.3325,0.1501,-2.0992,0.6388,0.5312,2.6718,-0.6215,-0.2115,-0.1988,-0.7599,0.3612,0.8439,0.3597,0.1682,0.0801,-0.6473,-1.936,0.2463,-0.8478,0
46955,952.95,0.2703,-1.0323,0.855,2.2429,1.473,-0.5071,0.7715,2.2676,-1.2027,-0.8095,0.324,0.8396,0.3315,0.1138,-0.2635,-0.5244,0.4098,-1.2719,0.9832,1.3382,-0.3626,0.4624,0.8544,-2.125,0.4949,-0.0576,0.4937,-0.1882,0
79567,291.63,-0.8633,-1.2445,0.6396,-0.0019,-2.4509,-0.4103,0.8091,-1.0307,-0.2864,0.6775,1.2093,1.435,0.7501,0.1844,-1.457,-1.0196,0.5812,0.397,-0.6289,1.0524,-0.4479,0.7915,-0.987,0.6089,-0.6241,-0.4293,-0.5792,0.3218,0
18947,515.54,-0.1475,-0.8888,0.4425,0.408,-1.4177,-0.254,-0.1458,0.0704,-0.5861,-0.7439,1.5713,1.4901,0.872,1.9509,-0.6982,0.1656,-0.8263,-1.7867,-0.8289,0.456,1.9547,-1.257,-0.5463,-0.9041,-2.1172,-0.1338,-1.3433,-3.4087,0
46294,256.71,-0.1525,-0.0707,1.2497,1.6169,-1.1871,-0.3778,-0.392,-1.1762,0.1643,-0.5215,1.57,0.359,-0.6945,-1.2691,-0.0516,-0.0559,0.7177,-0.4441,1.3095,-1.3316,0.3525,0.6441,0.1792,-0.6633,-0.0532,-0.5016,1.6248,2.4112,1
12992,936.11,0.3834,0.3343,0.6354,0.131,-0.3633,0.9163,0.1399,-0.7776,-0.6405,-0.944,-0.998,0.0461,-1.617,-0.0274,0.5467,-2.2592,0.1134,0.7594,1.3403,-1.3279,0.339,-0.7341,2.8575,0.6266,-1.4802,0.1376,2.4893,0.5664,0
68647,165.44,0.9998,0.0511,0.74,-1.0023,-0.2546,-1.7332,-0.8166,-0.6301,-0.2709,1.3012,-0.3523,1.3282,-0.5335,0.3044,0.5548,0.2155,-1.2561,0.303,0.517,0.5333,-0.3697,0.3185,0.3011,0.2546,1.6163,1.9236,0.4474,-0.5957,0
47570,45.87,-1.0585,-0.7655,0.6369,-0.1097,-1.5073,0.862,-1.1468,-1.0572,-0.2361,0.6334,0.4803,1.6824,0.8891,-0.7363,0.6766,-0.9283,-0.1699,0.5903,-0.4551,-1.3455,-0.5964,-0.2275,1.6064,-0.4881,0.1768,-0.3239,-1.324,1.9274,0
33019,435.66,-0.125,0.9002,0.3408,-0.0356,-0.9852,-0.3797,-0.9402,-1.0519,-0.7344,0.605,2.5319,1.1336,-0.542,0.0283,-0.6449,0.4857,1.3813,-0.065,-0.2395,-0.2256,-2.1864,0.5012,1.2057,-0.6496,-0.9052,0.2917,-0.7732,-0.3474,0
22690,992.38,1.4815,0.7394,-1.7836,-1.3647,-0.8608,0.3769,-0.6348,-0.1443,0.4851,1.2472,1.4801,-0.9415,-0.694,-1.5999,0.3404,-1.2819,1.6766,1.1697,-0.8041,0.3042,0.9687,0.1181,0.368,0.1258,-0.6986,1.9947,0.5091,0.1325,0
56449,891.79,-0.7436,-0.1596,0.0836,-0.2558,2.4574,-1.127,-1.1635,-1.2167,0.2384,2.8126,1.1194,0.2013,-1.8214,1.4099,-0.8761,0.03,0.7173,0.9247,-0.9948,-1.1376,0.4483,-3.073,-0.9892,-0.4095,-1.8894,-0.55,1.3411,-0.4871,0
66981,748.86,-0.8223,-0.6529,-0.5562,-0.7422,1.8017,1.3286,0.1621,0.8421,-0.0886,-1.7092,-0.3878,0.4395,1.7526,-0.6816,-0.6196,-0.2832,-1.1903,0.4461,-1.0444,-1.0243,-0.1792,0.1789,1.0598,-1.1092,-1.0995,1.8147,-1.2129,1.652,0
94030,890.9,0.2023,0.5484,-1.2798,0.9244,-0.4117,1.2456,0.7297,-0.9178,-0.4305,-0.7384,-0.8832,-1.8096,0.8257,2.0314,-0.9177,0.3031,0.4906,0.9275,-0.6181,-0.0941,-0.1372,0.6422,-1.4981,-0.3326,1.0163,0.0053,-0.1243,-0.105,0
43715,893.55,0.8444,0.188,1.6818,0.0346,-0.3636,0.9596,-1.5871,2.8096,0.7965,-0.6162,0.7889,0.4694,0.7699,-0.0325,-1.1884,0.1247,0.8509,0.7504,-1.0347,0.5037,0.7361,0.4459,1.6009,0.3396,2.2318,1.7819,0.1959,0.1495,0
16068,519.34,0.0114,-1.4481,1.729,-0.2828,-1.1492,-1.5148,0.0251,-0.4514,-0.2358,-0.8508,-1.1007,2.273,0.9677,1.0281,1.0642,-0.2552,0.7257,-0.4395,-1.5637,1.0615,-1.5547,-0.1026,0.2,-0.1781,0.7264,0.7502,0.8646,1.2038,1
83267,316.61,1.329,-0.068,1.3592,-0.1062,-1.9081,0.8291,-0.2199,0.072,-0.3067,-1.0776,-0.2384,0.6399,0.5767,-0.0533,0.6886,-1.5363,0.785,-1.3439,0.2194,0.6071,-0.5899,1.6422,-2.6502,-1.4135,-0.092,0.3071,-0.3436,0.5851,0
62976,772.24,0.8568,0.262,0.2552,0.2231,-0.1169,0.4049,0.3415,-1.2953,0.1047,-0.2997,-0.1148,1.4734,-0.2443,-0.0307,0.9767,-1.4772,0.3633,0.4204,0.2346,0.0737,-1.1363,0.3114,-0.3405,0.9891,-0.432,-0.0656,-1.5638,-0.0543,0
70026,662.0,0.8418,-0.8997,1.3506,0.6168,-0.9979,-1.6053,-0.0129,1.7061,1.6966,-1.2166,1.5929,0.1829,-0.1638,-0.584,0.0393,-0.5839,-0.0724,0.5461,1.7008,-0.7462,1.7715,0.4377,0.6539,-2.7388,-0.9565,-0.624,0.6212,1.1104,0
9722,374.28,0.5541,0.1898,0.0121,-0.9997,-0.0849,-0.0243,-1.4536,1.1195,-1.3404,0.335,-0.3547,-0.0732,-0.4276,0.1191,0.7768,-0.0083,-0.6084,1.0905,-0.6683,-1.0709,0.8757,1.0445,-0.237,-0.4464,2.0598,0.0758,1.1248,2.5385,0
31236,95.37,2.3277,-1.4548,0.2028,-1.0416,-1.6002,0.3645,-1.2624,0.2969,0.7699,0.0517,-2.4392,0.3813,2.6347,0.318,-1.7613,-0.6082,-1.8979,-0.9363,0.2961,-0.5109,-2.2027,0.3626,0.715,-0.6202,-0.1887,0.8974,-0.0826,0.3174,0
76784,747.04,-0.2052,1.3362,-1.0935,1.1047,-0.762,0.5561,0.0294,-1.3468,-1.8932,0.481,0.5044,-0.8158,0.5559,-0.7843,0.8631,0.6252,0.3396,-0.9064,0.3127,0.4099,-1.5138,-0.898,-0.85,0.1482,2.1156,-0.0131,0.4052,0.1168,0
83225,263.2,-2.0035,1.2479,0.397,-0.4123,0.1486,0.1773,1.0288,0.2107,0.2173,0.5077,-0.699,-0.9638,-0.4638,-0.125,0.1771,-0.2792,0.1861,0.4599,-0.2538,0.3366,-0.1323,-2.4383,-1.306,0.5617,1.3935,-0.3166,-0.4745,0.1706,0
43521,936.88,1.6043,-0.2525,0.0604,-1.4168,0.3662,0.2912,-2.2142,-1.1214,1.5751,0.603,0.0426,1.2663,0.4655,-0.6101,0.6271,-0.965,0.5576,-0.0712,0.7443,-2.0999,-0.4724,-0.4771,-0.0714,1.1268,-1.7408,-0.2508,-0.8458,1.3104,1
80476,241.73,-0.4577,0.3635,-1.3027,0.4438,0.4175,1.4736,0.3457,1.4624,0.4887,-0.3734,-0.0867,1.3723,-1.0109,2.2997,0.38,-0.2781,-1.3375,-1.8858,0.7752,-0.7857,-1.3244,0.7609,0.0316,-0.7124,-0.666,0.9925,1.0264,-0.5992,0
84169,123.64,0.1079,-2.4099,-0.0512,0.4634,-1.3205,1.226,1.1896,0.8092,0.1706,2.1211,-0.2737,-0.9911,1.5045,-0.0897,-0.9871,0.2259,0.645,0.3751,0.3274,1.2045,1.9448,-0.3531,-0.3484,0.5866,-0.669,1.2252,0.3875,-0.2783,0
38747,831.28,1.3096,-1.1563,-0.0797,-1.5307,0.8547,-2.8671,-0.153,0.0954,-0.5604,0.2344,0.7903,0.968,-0.6611,1.5452,-1.498,0.3249,2.0545,-1.8524,-0.2556,0.0792,0.3125,0.8012,1.2273,0.1958,-0.0798,-0.6672,0.4904,-1.5374,0
89808,154.13,-1.6023,-0.2938,1.7976,0.2295,-0.8002,-0.3174,0.5502,-2.4364,0.031,-1.8625,-1.5329,-0.087,0.5011,-0.1956,-0.7121,1.8784,0.0785,-0.9453,-0.3575,-1.417,0.4748,0.1487,-0.8502,-1.7115,-0.0603,-0.6686,1.5021,-1.1839,0
28832,180.09,-1.2516,-1.0721,0.8942,0.7356,0.6329,-0.1647,-0.7031,-0.9834,-0.2521,-1.0024,-0.517,0.3398,1.066,0.2593,0.5649,-0.6689,-0.0617,1.3517,-1.3678,2.3558,-0.692,1.2881,0.3132,1.9005,2.9962,0.3794,-1.0548,-0.5178,0
23955,599.78,-1.6013,0.7144,0.0114,0.3744,-0.0106,-1.7521,-0.1194,0.6878,-0.786,-1.7405,0.684,0.4602,0.3848,-1.3214,0.6901,-0.0735,0.309,1.8249,-0.8059,-0.0289,0.7223,-0.2952,0.068,-1.4388,-1.0772,1.5275,-0.552,-0.0559,0
68249,874.69,-0.7941,1.9973,0.2488,0.632,-1.3764,0.0942,-1.6209,1.2129,-0.2899,0.0173,-0.6141,0.9944,0.0945,-0.4471,-1.3679,0.4261,2.0323,-1.2157,-0.622,0.3843,-0.3804,0.4676,-1.5567,0.4195,0.229,1.146,0.1579,1.7691,0
63676,197.24,0.4396,-1.1766,0.0442,-1.4043,-0.3162,1.2488,-2.3443,1.1092,0.1984,-0.1218,-1.6088,0.0827,0.0108,0.2105,-0.9811,-0.0234,-1.0236,-0.3294,-1.124,0.3995,-0.2833,0.5059,-1.319,0.39,0.6165,-1.2519,-0.5643,0.536,0
13975,311.01,0.5242,-0.8375,-0.2029,0.331,0.3654,-1.0866,0.9428,-1.592,-0.7672,-0.4684,0.6686,1.4102,-0.0564,1.586,-0.7232,-0.5006,0.2032,0.0426,0.4399,-0.3676,0.611,1.5016,0.0119,0.2756,-0.0016,-0.2641,0.7831,-0.9121,0
83273,777.63,0.2763,0.2354,-1.0824,-0.3026,0.613,0.3364,-0.985,0.3016,-0.8063,2.0109,1.1231,0.3094,-0.5767,0.222,-0.3573,-1.5493,-0.7997,1.7812,1.1966,-0.7276,-1.629,-1.7066,1.9812,-0.4946,0.1102,-0.9306,-0.1874,-0.728,0
19990,971.85,-1.4128,1.6111,-0.1511,-0.4828,-0.141,-0.9158,-0.4555,1.0155,-1.3602,0.549,-0.045,0.6242,-0.4495,1.3837,-1.3621,-0.5108,-0.547,-0.4929,-0.9081,2.1217,1.597,-0.4584,0.5793,0.8273,-1.0448,-0.2675,-0.9925,1.3747,0
80489,501.24,-2.3101,-1.2224,-0.7461,0.8706,1.5318,-0.6719,-1.3864,-1.6583,0.3907,0.7261,-1.9608,-0.8333,1.4796,0.6407,-1.4221,-1.0737,-0.0496,-0.4769,0.2834,1.0032,0.1824,0.8485,-1.7256,-1.5604,0.1065,1.6044,0.0658,1.1266,0
736,144.75,0.0544,0.249,-1.2503,1.4793,1.0075,1.4774,-1.41,-0.0079,0.5453,-0.9311,0.706,2.1587,-0.1085,1.6274,-0.8218,-1.7266,1.3473,1.5487,-1.0341,0.8219,1.2809,1.5459,-3.1105,-0.0658,0.5114,-1.4226,0.1703,0.0281,0
79684,14.92,-0.4718,1.8213,0.5112,1.7944,-0.2567,-0.5426,-0.1738,0.2738,0.2317,-0.9991,-1.6599,0.4698,-0.7858,-0.059,0.0863,-0.7957,1.801,-0.3748,-0.3049,0.5763,-1.0754,0.2401,0.7331,-0.5639,0.3276,-1.6189,0.9347,-0.4425,0
78692,230.43,0.4594,-1.6518,0.3913,1.3148,0.7501,0.4622,-0.7296,-0.3008,0.9652,0.0368,0.3088,0.713,-0.5163,2.3902,-1.1806,-1.0471,0.4481,0.7222,-0.6903,-1.0033,-0.9232,-0.2927,-0.0962,-0.6773,0.5702,-0.8286,0.3931,1.1249,0
78036,132.69,0.702,-1.2811,-1.7867,-0.1097,1.9338,-1.8712,0.378,-1.8522,0.0879,0.173,-0.8875,-1.6082,1.1004,-0.4854,-0.1158,0.5838,-0.3766,-1.4771,0.6019,1.2775,-1.1619,0.7571,1.1413,0.4287,1.4126,0.2873,0.4611,-0.9933,0
66485,677.98,0.1382,-0.4236,-0.1227,0.3527,1.9605,1.8623,0.4525,-0.3257,0.392,-1.8563,-1.1598,-0.8227,0.6756,-0.7665,1.0586,0.6011,2.4927,-0.1712,-0.6788,-0.8431,0.2503,0.8687,-0.8807,1.0775,0.937,0.6208,0.3203,0.392,0
47156,122.71,0.7601,-0.5206,0.9957,0.7668,-1.228,0.6027,0.3208,-0.3273,0.3038,-0.1803,-0.4419,1.2379,0.5603,-1.2101,-1.3018,-0.9039,-0.4276,-1.6596,1.0117,0.2833,0.066,-0.3597,0.3502,-0.3433,0.0713,0.4374,-0.1882,2.2727,1
70516,506.82,0.2292,0.8126,1.0592,0.1212,-0.9265,-0.1825,0.2386,-0.1481,-0.0915,0.0141,-0.1833,0.2869,-0.2575,2.331,-0.2064,-0.2602,-0.5711,-1.0554,-0.2457,-1.6394,-0.4644,0.3303,0.8462,0.7807,-1.1718,1.1757,-0.7162,0.2054,0
27712,694.57,0.5301,0.2417,1.0258,0.1308,1.4849,0.5755,1.5778,-0.5635,-0.5308,-0.2151,-0.6442,-1.9138,0.5734,0.8194,1.0248,-1.8582,-1.7749,0.8392,-0.6496,-2.0409,-1.0141,1.1805,-0.4475,0.0497,-0.6,-1.7631,0.2888,-0.7756,0
78072,581.54,-0.7047,-1.775,0.0389,0.8238,-1.0583,-1.4098,-1.0676,-0.443,2.2142,-0.8134,0.5887,1.0383,-0.6436,-0.3341,-0.4183,-0.4943,1.3961,-0.0499,-1.2533,0.3183,-1.2666,1.8905,-0.4261,-0.8927,-0.2196,1.1883,-0.3331,0.4104,0
55564,200.58,-0.1796,0.5154,-0.845,-0.0593,-1.3225,1.1825,-0.0549,-0.0397,-0.452,-0.5395,-0.4461,-0.5438,-0.2596,1.249,-0.5737,0.399,0.9682,-0.3191,0.2532,-0.8091,-0.0485,0.7426,0.0253,-0.258,0.2523,-0.3121,1.6898,-0.47,0
45891,804.32,0.1968,-0.5775,-1.0837,-0.7293,-0.4862,-0.324,1.1327,0.4425,-0.6659,-0.1769,0.9802,1.4113,0.9698,0.6877,1.1635,0.8249,2.4178,-0.7487,0.8952,-1.9892,-0.4656,0.0441,0.5427,-0.2995,-0.4783,0.7315,1.3422,-1.3941,0
50560,715.69,0.8205,1.2744,0.3446,-0.4145,0.4202,-0.2041,1.2645,-0.3044,0.434,0.0908,0.2812,-0.0878,0.8743,1.9661,-0.3062,-0.713,-1.3895,-0.2207,0.2733,0.5406,-0.6856,-0.0541,-0.0143,-0.6967,-0.9357,-1.3234,0.6328,0.701,0
56874,739.25,-0.3937,-0.6276,0.3793,0.6339,-0.1024,-0.4917,-1.4218,-0.4096,0.2519,0.6048,-0.6976,0.2047,-0.9819,-1.5478,1.1045,1.0519,1.4582,0.3011,2.2388,2.1201,1.5471,0.5574,0.974,0.4285,-1.1882,0.005,0.3785,1.1178,0
3726,131.93,0.5212,-0.6366,1.2873,0.003,-0.6506,-0.5807,-0.3124,0.0924,-1.4048,1.0809,-0.8659,1.179,-0.8555,-0.2654,0.429,-1.5157,0.0701,0.9829,1.4298,1.3896,-0.0823,-0.1157,-0.4619,0.2346,-1.6512,0.2363,-0.088,-0.3109,0
13979,124.63,-0.2658,0.5411,1.1,0.3402,-0.6742,0.6947,1.3581,-1.9209,1.1227,-0.2943,-1.6475,-0.8975,0.1087,-0.4625,-0.3428,-1.2476,0.8061,-2.6251,-0.3075,-0.2573,1.27,0.1896,-1.3284,-1.5906,-0.235,1.1558,-1.2611,-0.3772,0
24548,927.63,-0.1175,0.7629,-0.1322,0.6701,-0.7123,0.2559,0.5081,0.477,-0.0942,-0.4562,0.2907,-0.9928,1.7261,-1.9737,0.4797,0.7097,-1.6478,-0.8318,-0.318,0.0088,-0.5333,-1.0579,1.977,-1.6515,-1.4697,-1.5853,-0.2162,-0.9616,0
11453,398.18,0.8295,0.4481,-1.2442,-0.3748,-0.8795,0.6517,0.1953,-0.0006,-1.1109,0.4377,-0.3546,-0.1965,-1.9156,1.0603,0.3204,1.6711,1.4681,0.1591,0.4697,0.8877,0.2448,1.2971,-0.6046,0.4247,-1.0005,0.0308,0.1014,-0.1499,0
43961,301.65,-1.9931,-1.6856,-0.3191,0.7562,2.2816,-0.0088,-0.2177,0.0397,1.1888,0.6108,-2.3722,0.8272,0.2783,-0.2704,1.0209,0.4934,0.7865,-0.0989,-0.838,1.1221,-0.0555,-1.1402,-0.5684,-0.8153,-0.3939,-1.0852,0.2295,-0.5624,0
66840,489.1,-1.2965,0.538,0.2172,0.3788,0.2975,0.5132,-0.3838,0.9607,0.6257,-0.4342,-0.5357,-1.3309,-1.376,0.7396,-0.5483,-0.0403,-0.0389,0.4034,1.1663,-0.3435,-1.6976,-0.4321,-0.0658,0.302,-1.3359,0.5055,0.4695,-1.011,0
65442,663.2,-1.4822,-1.0343,-0.2021,-1.2348,0.8868,-0.4188,0.2882,-1.9528,-1.2645,0.7904,-0.901,-1.668,-0.6343,2.3598,0.0412,-2.1952,0.6451,0.2675,0.3616,0.0342,1.4283,0.0976,0.0672,0.7809,0.3798,0.7772,0.9213,1.8922,0
47109,955.67,-2.3336,0.2353,-0.5779,1.4423,-0.4891,2.2297,-0.2524,-1.9738,1.7772,0.9796,1.5757,0.8237,-0.3644,-0.3532,-0.0615,-2.0224,-0.7655,-0.3049,0.2565,0.3006,-0.1352,1.991,-0.3867,-1.271,0.7402,1.2872,-0.6922,0.4665,0
85508,287.16,-0.6783,-1.4237,0.2529,-0.5007,-0.186,-1.5679,-0.0426,0.2738,0.6588,1.2917,-1.7028,-0.603,-0.4205,-0.4212,0.7041,0.1294,-0.5794,-0.5269,0.687,0.5539,0.7464,-0.4227,-0.0174,-1.4115,-0.5494,-0.535,-0.6831,0.5724,0
56523,924.88,0.7494,0.4463,-0.504,-1.6551,-0.7136,1.2609,0.0786,-0.0071,-0.0102,1.7783,-1.4414,-0.3922,-0.5338,0.1187,-1.0252,-0.3581,-0.4634,-0.2455,1.7228,-0.1331,-0.752,-0.666,-0.0398,1.6744,-0.437,0.9272,1.4509,0.8834,0
7919,25.83,-0.2849,-0.8066,-0.6281,-1.045,-2.6517,1.3679,-0.6781,0.1702,1.5902,-0.8664,1.11,-1.8568,0.0072,0.9872,1.017,-1.1058,-1.8527,1.1487,0.171,-0.1201,-0.1648,-0.5508,0.1748,0.3516,0.5374,1.3609,0.771,0.771,0
76499,555.64,0.1978,-1.2826,0.3115,-1.021,-1.378,-0.8522,0.5321,-0.4621,0.1593,0.0139,1.3568,-0.679,-0.5353,-0.5667,0.4663,0.0655,0.8618,-0.732,-0.113,1.3798,-0.8669,1.6589,-2.3575,-0.4192,-0.714,-1.6432,-0.3908,-0.4131,0
57460,634.34,1.0892,0.7138,-0.402,0.0522,-1.8106,2.2293,2.9142,0.6644,-0.0281,0.0113,-0.745,-0.0076,-1.4625,-0.631,-1.3169,0.1151,1.1916,-0.0628,1.5087,1.2095,1.236,-2.8123,1.8809,-0.9339,-0.7827,0.6123,-0.1072,0.2726,0
63471,106.79,1.3277,0.2416,0.2441,-0.2739,-2.2498,0.9955,-1.777,0.9326,-0.6603,-0.0981,-0.6321,0.9304,0.7799,1.0572,1.2083,0.9444,-0.7013,0.1833,0.9676,0.4774,0.3114,-1.0027,-0.1473,-0.5104,1.1965,0.9585,-0.1027,-0.269,0
56537,141.2,-0.0691,-0.614,0.2732,-0.3368,-1.1954,0.9711,0.324,0.484,0.5819,-0.6493,0.6162,-0.7712,0.7529,0.3786,2.2341,0.1366,0.3482,1.5604,-0.321,1.7191,0.3671,2.7313,0.5806,-1.1906,0.8842,-0.2587,0.0316,0.4385,0
55357,419.7,1.3536,1.4512,-1.1394,0.6197,1.325,0.028,-0.7602,-0.2608,0.4766,-1.4856,-2.3271,1.6574,0.8432,-2.0447,1.0018,1.2284,-0.2655,-0.3003,0.0052,-0.3864,1.3582,0.5909,-1.3781,0.8834,0.6016,-1.2108,0.4727,0.3417,0
9056,966.27,0.0921,-0.4407,-0.4812,0.3399,-0.0444,-0.2172,0.5774,-2.1077,0.0147,0.0927,-1.8612,-0.6846,-1.5407,-1.2254,1.427,0.008,0.3283,0.9588,0.1954,1.623,1.1563,-1.106,-0.471,-0.7768,0.9256,0.943,2.535,-0.3827,0
55920,596.45,-0.8374,0.0321,1.4378,0.316,1.2906,-0.2094,0.0466,0.7692,-0.79,-0.7684,-0.2807,-0.6831,0.2989,1.5012,0.0854,-0.1153,-0.6276,1.232,0.3618,0.5425,0.7653,-0.0419,-0.6723,1.0935,-1.9773,-1.1995,0.1898,-1.3293,0
79491,933.09,-0.5944,0.2689,-1.1621,0.4098,0.411,0.3905,0.7619,1.2217,0.1299,0.086,1.5499,1.5374,0.676,0.4019,-1.6615,1.0643,-0.8834,-0.0638,-1.3566,3.271,-1.4217,0.0675,1.4697,-0.4006,1.3538,-0.1784,0.6626,0.1462,0
30395,804.56,-1.4805,-0.6197,-2.1167,0.6161,0.7826,1.4012,1.1755,0.6446,-0.0698,-0.794,-0.4357,0.2115,-1.0312,-0.7622,-1.8441,-0.9784,1.0521,-0.2107,-1.5425,-1.1925,-0.6957,0.8461,-0.5858,-1.0434,0.3921,-0.0401,-1.6865,-0.2043,0
60283,467.91,-0.8881,0.4711,-1.8618,-2.108,-0.9009,0.1813,0.1924,-0.8796,-1.3335,-1.0997,0.1009,-0.552,0.0092,-0.1704,0.2551,2.8144,-0.0639,-0.3291,-0.8874,-0.6893,-1.0039,1.8395,0.7581,-0.4263,1.0108,0.7155,-0.4849,-1.8904,0
3081,784.98,-0.358,-0.5335,0.0291,-0.3644,0.524,-0.9114,1.1321,0.6738,-1.4718,0.2343,1.1338,-0.1551,-0.1163,0.0132,-0.592,0.3753,2.0221,-0.2558,-0.9647,0.4188,0.7275,0.3886,-0.6504,-2.6242,0.3872,-0.6266,1.2288,0.5077,0
34749,18.82,0.8036,-0.4116,0.0309,-2.1802,0.7287,0.8244,-2.3443,0.8605,0.5652,0.1509,2.1069,1.3531,1.8422,0.7357,-0.9146,0.3808,0.0463,0.8542,-0.6438,0.3972,0.1707,-0.5398,-0.4526,-0.1208,0.0489,-0.6846,0.4023,0.9653,0
43671,110.03,1.7208,1.3626,-0.1176,0.0361,-0.5766,0.9212,1.5905,1.5588,-2.6019,0.5793,-0.5768,1.4662,1.9245,-1.3583,-0.0627,0.5251,-0.9261,0.231,0.6347,1.9501,-1.3905,0.7871,-0.2456,-0.1701,-0.2753,0.0989,-4.3891,2.5284,0
98273,829.6,-1.3822,-1.0406,1.2142,-0.0046,0.5595,0.6547,0.3751,-0.8761,0.2054,2.1859,-0.0168,-0.8168,-1.6644,-0.8409,0.6156,1.8771,1.2269,0.2353,-0.1689,-0.6684,-0.1887,-0.6983,1.2838,0.8247,0.3671,1.0064,0.674,-0.3912,0
21458,797.02,0.3928,-2.4128,-2.6728,1.0455,0.5662,0.7455,1.0778,-0.2265,-0.4781,0.2773,1.8221,-0.0424,2.4939,0.273,-1.4528,0.7925,0.6308,-1.1252,0.1964,0.9049,-1.4941,-1.0333,-1.8899,-1.8863,-0.3117,2.2875,1.9182,-0.5387,0
27654,233.41,-1.0405,1.6109,0.3959,1.1876,-0.5496,-0.2709,-1.2199,0.7473,1.3082,0.4851,-1.5222,0.0902,-0.9152,-0.0998,-0.4489,-1.6051,0.7269,-0.9675,-1.2243,1.1625,-0.0532,-1.7599,-1.3157,1.1619,0.8679,-1.5075,-1.9959,-1.1094,0
40852,531.24,0.4747,2.5493,1.5614,0.2028,-1.1228,-0.929,-0.8308,0.0574,-0.4935,-1.0776,1.0276,-0.9862,0.9807,0.5719,1.5099,1.4035,1.1906,2.1434,-0.4616,0.7046,-1.6554,-1.5651,-1.9473,0.8206,-1.5865,0.3153,1.5194,0.2086,0
99266,606.41,-0.1311,-0.4053,-1.1278,-0.5004,-1.1841,-0.8682,0.1459,-1.1173,0.6595,-1.2869,-1.0183,-0.0557,0.9705,-1.2295,-1.0753,-0.3409,-0.6528,-0.1778,0.5873,-0.961,0.5288,-0.8964,-1.0875,1.252,-0.5416,-1.0865,-2.772,0.2023,0
85340,867.87,-1.8309,-1.9368,-0.3798,0.4852,0.0865,-1.6355,-0.017,0.4146,-0.3969,1.5828,0.1025,0.0053,-0.9957,0.3571,0.8698,0.1072,-0.1273,-0.7748,0.595,1.4078,0.378,-1.1778,-0.8116,-0.0527,2.0448,1.0188,0.938,-0.8113,0
3469,603.5,0.9283,-0.3105,-0.7529,-0.5279,0.327,0.2369,0.2831,0.5787,0.1137,-0.9235,-0.2426,1.1402,0.4933,1.0916,-0.4847,-1.2793,-0.1714,1.4311,-0.7246,1.2293,1.9079,0.3132,-1.6145,1.0139,-0.6261,-0.9385,-0.0086,-0.1749,0
23393,413.16,-0.605,-0.2862,-0.8943,-0.0014,-0.7925,-0.0834,1.0845,0.088,0.7368,-1.0439,-0.958,1.2074,-0.1075,0.4868,0.5458,0.5262,-1.2907,0.2818,0.1617,0.5996,0.8479,-1.1994,-0.7341,-1.4712,-0.2387,-0.6746,-2.35,-1.9787,0
82167,374.81,-0.5339,-0.1899,-0.3263,0.9861,0.0266,-0.44,-1.7652,0.2196,-0.4626,-0.0391,-0.9831,-0.3292,0.5543,0.1391,1.0973,-0.6514,-0.2636,0.5782,2.1988,0.2043,-0.4229,-3.1437,-2.0147,0.713,-0.8826,-0.5893,0.4461,0.9264,0
5830,426.46,-1.0698,-1.1134,1.4275,-0.5578,0.5705,-2.9556,0.9738,-0.2587,0.9966,-0.0902,0.2764,-0.214,0.2307,-0.0959,0.7413,0.1002,1.3364,-0.138,-0.0176,0.2261,0.8181,-1.0439,-1.018,-0.7712,0.3358,-0.0762,1.1508,-0.7707,0
85567,652.28,-0.6543,0.5796,1.8374,0.8057,0.6182,-1.2473,0.0083,1.4783,-0.9937,-0.9025,0.9955,0.6643,1.1963,-0.8349,0.9092,-0.2841,0.2373,-0.3187,-0.6932,-0.0787,-1.3977,-0.4719,1.2004,-1.6514,-0.7363,0.3232,0.3639,-0.0347,0
28138,867.62,0.4279,0.5245,-0.3359,0.6774,1.5519,1.1208,-0.2038,-0.9007,0.2946,-0.305,-0.1297,-0.5852,0.0754,-0.072,-1.1516,1.925,-1.3461,-0.1696,-0.1738,0.6408,-0.9625,-0.6054,0.4036,-1.1241,-0.1856,0.4837,0.5848,-1.4267,0
91765,454.44,-0.1892,-1.4944,1.9051,-0.9548,1.277,-0.6646,-1.4711,-0.5873,0.9226,1.2294,0.0701,0.5886,-0.1679,1.2597,1.1137,1.9823,-1.5558,-1.3827,0.0922,0.0311,0.3331,1.5195,0.1875,0.0055,0.8489,-0.0058,-0.4117,-0.5824,0
29359,248.59,0.3287,0.6992,0.0356,0.9739,-1.0013,0.3606,0.503,0.011,0.66,-0.806,0.5712,-0.0879,1.0961,-0.119,-0.8527,0.0465,1.6648,-0.0879,-0.1512,-0.8485,-2.1582,-0.6135,-1.0028,-0.8243,-0.6988,-1.3299,-1.8614,-0.2796,0
43431,237.43,0.3619,2.0527,1.7537,0.6986,1.6836,-1.3907,-2.4141,0.879,1.9164,-1.3937,-0.9716,-0.9694,0.5804,-0.8898,0.2595,0.064,-0.0903,0.296,-0.0314,-1.0486,-0.0372,0.8809,-1.5361,0.3761,0.7886,0.7278,0.6919,-0.0113,0
66191,746.27,1.3207,0.172,-0.0933,0.1019,-0.531,1.4387,0.6484,-1.4974,-0.7634,0.9426,0.7397,-0.9568,0.7318,-0.4922,0.2582,-0.3734,-0.6474,1.8505,-1.4434,-0.752,-1.0203,-0.019,-1.1392,-1.8082,0.8222,-0.053,1.7498,0.4797,0
12628,816.75,-0.3428,-0.3373,0.1311,-0.7623,1.0449,-0.144,-1.4921,-1.3103,-1.3791,0.4923,0.8193,1.4471,-0.6646,0.2009,0.4851,1.106,-0.274,0.086,-0.9626,0.2221,0.1013,-0.0423,-0.0432,-2.1271,1.055,1.1617,1.1296,1.4391,0
55703,106.17,-1.4769,-0.142,0.3655,-0.8592,0.068,0.29,0.0535,-2.0377,-0.9943,-0.6205,2.6036,-0.1564,-1.0453,-0.3735,0.337,-0.3289,-1.4773,-2.3342,-0.1493,-0.027,-1.0777,-0.8354,0.8682,1.3724,0.1405,-0.7077,-1.9879,0.7327,0
50501,67.49,1.0672,0.6153,3.1789,-0.5377,-0.4121,2.3258,-0.1192,0.0327,0.6604,-1.5822,-0.3761,1.6404,-0.5677,0.4853,-0.8438,-0.4213,1.4231,-0.094,-0.1653,0.2153,0.4242,-0.0588,0.9024,0.9038,3.2413,-1.6023,-1.5149,0.9622,0
78389,594.84,-0.3315,-1.7307,0.8513,0.5426,-1.8077,1.5164,1.1695,-1.1183,0.4979,-0.7446,-0.4581,-0.5136,-0.6208,0.5228,-1.3499,0.9786,-0.3931,2.7395,-0.5662,0.5008,0.0193,-0.7651,0.6306,-1.0493,1.0545,-0.034,-0.846,1.4461,0
99610,147.03,1.1146,0.1644,-0.7073,-0.9556,-0.1716,-0.3066,-0.1787,-0.3846,0.1023,-0.0547,0.769,0.2912,0.7862,0.889,0.8723,-0.5383,1.3674,0.8664,-0.177,-0.6273,1.4004,0.17,-0.7376,-0.003,0.3249,1.296,-1.593,0.5697,0
66431,824.84,0.3834,-0.3905,0.969,0.4375,-1.5594,-0.5932,-0.6941,0.6614,-1.123,1.1657,0.8191,2.3927,0.976,1.4236,0.1858,-0.0378,0.0517,-0.8109,0.061,1.4657,0.0067,-0.2362,0.0245,1.0195,-0.8759,0.1609,0.0442,-0.0367,0
40918,311.02,-0.1311,1.8478,-0.3618,-1.2418,0.9673,-0.3255,-0.5066,-0.6415,0.7669,-1.0366,-0.5351,-1.0574,-0.1551,0.9959,1.1494,-1.5813,1.4295,0.5911,0.8894,-0.2677,-0.7686,-0.9446,-0.3213,0.4192,-0.0971,-0.1997,0.3934,1.0091,0
40638,144.73,0.3488,-0.1742,-0.4898,-0.2041,1.5168,0.5099,1.2729,0.2313,-1.2247,-0.0845,-0.4032,-1.8978,1.4309,-0.9342,-0.0447,0.7042,0.2567,-0.742,-0.0992,-0.4334,-0.2469,0.9919,-0.2012,0.1482,1.4263,-0.8703,-1.4303,1.073,0
41795,921.05,1.951,1.6679,0.9086,0.1096,-0.7969,-0.1052,0.5363,-0.2993,1.1589,0.6751,0.5411,1.2866,1.3685,-0.9035,-1.4052,1.9409,0.8532,-1.3538,0.3991,0.4824,-1.3442,0.4268,2.0371,1.0952,1.7095,1.7578,0.7771,0.6486,0
81402,166.37,2.077,-1.1037,0.0311,2.4451,0.302,-0.3952,-0.3856,0.6721,2.8574,-2.3813,-0.8276,-0.8268,0.2434,-0.0758,0.9661,0.7212,0.7191,-0.3484,-0.5416,-1.8365,0.4061,-0.4481,-1.762,-0.7307,1.4783,-1.0296,0.6011,-1.4546,0
32121,285.44,0.0694,0.5873,0.2786,-1.3773,-0.7254,1.4672,-0.2364,0.4751,0.3665,1.0338,-0.4105,-0.0207,-0.8219,-0.4512,-0.3704,1.4618,0.6233,0.0915,0.5721,-0.7905,0.5899,0.1455,-0.2347,0.0312,0.7852,-0.7254,-0.5482,-0.8415,0
16697,154.46,0.1602,0.3194,0.014,1.472,-0.6285,-0.1142,-1.5672,-0.6919,0.5831,-1.1825,0.0896,-0.5859,1.5754,-1.1383,0.342,-0.8461,0.3479,-1.8722,0.3757,0.9811,2.4692,-0.0838,1.2117,-0.0178,-1.2557,0.57,-0.1725,-0.2749,0
33429,116.37,1.0762,-0.869,0.3366,0.1498,0.7745,2.2996,0.3885,-0.1687,-0.4929,0.332,0.9959,0.2682,-0.061,-0.4417,-0.6475,0.2363,-0.2329,-1.1492,0.8658,-1.7374,-0.6218,-0.8676,-1.4659,-0.2728,0.4872,-1.856,-1.9498,0.7796,0
2271,22.13,-0.8457,0.1774,0.425,0.4112,-0.0385,0.0907,-1.7598,1.0437,-1.8102,0.2467,-0.6046,-0.9505,0.1262,-0.4745,1.6443,-0.9432,1.9154,0.0103,0.7135,1.1176,-0.2678,0.0705,-0.6437,-0.3898,-1.2414,1.2746,-0.3323,-0.0213,0
10614,56.34,0.3331,1.2125,-1.937,0.1183,1.7396,1.7853,0.7518,0.3934,-0.6027,1.0846,-1.8424,-0.1799,-0.3396,-0.6718,-0.8766,-0.2278,-0.9069,-0.4082,0.5887,1.5111,-0.5758,-0.621,-0.529,0.0729,-1.4875,0.6242,0.0074,1.1369,0
9004,175.47,-0.0259,-0.3238,0.6666,0.4447,-0.4822,0.3573,0.1286,-1.397,-1.0929,0.5509,-1.9166,0.4498,-0.8898,-0.3158,-0.3374,0.7722,0.0043,0.3948,-0.0984,-0.3695,0.2121,-0.9449,-0.2233,0.0344,0.2392,0.8992,0.1687,1.3152,0
77155,54.33,0.3139,-1.692,-0.982,-0.1537,0.9993,0.963,2.387,0.6556,-1.447,-2.3773,-1.2594,-1.0083,-1.4686,1.1785,0.1074,0.1018,0.0149,-1.2147,0.2449,0.2918,0.3817,-1.6228,-1.596,-1.0484,0.5232,0.5581,0.3789,1.1992,0
72235,591.55,-0.8334,-0.0176,-1.4423,1.4541,0.0974,-0.7246,-1.1001,-1.0846,1.7224,-0.7848,-1.3132,-0.7001,0.6329,0.1992,-1.0922,-1.4126,0.4024,0.7141,1.0635,1.1191,-0.0534,-0.3586,0.5953,0.8018,0.9034,-0.1611,0.2442,1.2055,0
69677,681.03,-1.5896,-0.9024,-0.0584,-0.4565,0.7958,-0.8538,-0.1027,1.4125,0.2729,0.1382,-0.1546,-0.3474,-0.7834,2.4718,0.3305,-1.315,-0.4295,-1.1838,-0.6521,-0.4668,1.0863,0.567,0.6663,-0.9764,0.4971,-1.0631,-0.2643,-1.037,0
46187,394.24,-2.073,-0.3423,0.084,1.1322,-0.4472,0.4597,1.7983,1.0241,0.3797,-0.195,-1.1889,-1.4288,3.0595,0.1705,1.6119,-1.3812,0.3147,1.6427,-0.6284,0.8678,-0.617,-0.6947,0.5084,-0.2182,0.5316,-0.1401,0.2862,0.4826,0
71705,318.67,-1.1174,-0.0816,-0.6935,-0.6444,-0.0496,0.9886,1.1914,0.2899,-0.309,0.4776,-0.7028,-0.4226,-1.0861,-0.2901,-0.4905,0.4915,-0.1688,-1.7158,0.1814,-0.6711,0.9862,2.5207,-0.8704,-0.2953,-0.9847,-0.9752,1.002,-0.6075,0
16127,505.02,-0.4587,-1.7057,0.831,-0.0603,-0.1155,0.0403,-0.6962,0.1572,-0.1729,0.7894,-0.7741,0.1188,-1.2574,0.0041,0.3951,2.0639,-1.582,-1.0926,0.4153,-0.4776,0.5385,0.8857,0.0865,0.3581,-0.105,0.4862,-0.0955,-1.6491,1
90062,875.13,-0.2932,-1.6157,-1.3422,-1.072,-0.8361,-1.2864,0.224,-0.209,0.9646,0.6085,-0.4405,-0.3995,0.5101,0.2565,-2.7494,1.3625,0.0096,0.4174,-0.8241,-0.7993,-0.012,1.3043,-0.8994,-2.1191,-1.5071,0.8068,0.3176,-0.2875,0
50104,851.28,1.9372,0.4821,-0.4069,0.455,0.6621,-1.3603,0.002,0.6785,-0.0323,-0.2143,1.3225,-0.2714,1.5293,0.4353,-0.0389,-1.896,-1.1006,1.6642,-0.0748,0.3426,-0.3149,0.7952,-0.3326,0.8909,-2.0034,1.4768,-0.1862,1.3247,0
93805,44.43,1.106,-0.5227,-0.5849,1.4451,0.6502,-1.4271,0.282,-0.3708,0.5307,-1.8463,0.6619,-0.0199,0.0646,2.0767,-0.313,1.4211,-1.7344,0.315,-0.094,1.158,2.4267,1.8529,2.1535,-0.677,0.7406,0.3718,-0.6468,0.4607,0
15231,182.32,-0.9621,-2.5647,-0.0466,-0.0774,0.5936,-1.7676,-0.6987,0.2356,-0.196,-0.4555,0.0161,-0.6557,0.5722,-0.8453,-0.8185,0.9364,0.1369,0.5629,-2.2153,-0.1841,-0.817,-0.787,0.0957,1.22,-0.7531,0.9246,0.5229,2.0178,0
49733,237.51,0.3477,0.7848,0.2789,-0.1969,1.537,0.1095,-0.0893,0.8719,-0.3422,0.4164,-0.461,0.6911,-1.8435,0.859,1.0815,-1.5453,0.4879,0.0175,-0.2196,-1.2712,0.2979,-2.5607,-1.1875,-0.4782,0.8725,-0.2971,-0.5552,0.1772,0
69632,250.14,-0.4071,0.2724,-1.0079,-1.1146,1.4493,1.125,-1.5981,-0.5618,-1.4069,-1.0904,-0.4332,1.436,-0.6775,0.2078,-0.3262,-0.3032,0.5267,-1.0264,-0.1573,-1.0827,-0.7502,-0.4461,0.1803,-0.0488,1.1083,-0.4783,0.3861,2.4478,0
49562,571.66,-0.2844,-0.7139,0.7243,-0.2293,-0.3749,-0.0134,0.1351,-0.6162,-1.9777,0.6313,0.3277,-0.4644,-1.0736,-1.5711,-0.1775,1.0955,0.5672,-0.4901,-0.1603,0.3946,1.7856,0.5582,-1.3518,1.9138,-0.6193,0.4737,0.0283,0.1775,0
44615,416.85,0.1853,-1.3168,0.063,-1.5928,0.3731,-2.2604,0.45,-1.1944,-0.2616,0.9084,0.5842,0.4852,-1.895,0.7707,-0.3772,0.5504,-1.9326,-1.2119,1.4159,1.8441,0.8868,0.1515,-1.199,-0.2773,0.5903,-0.3865,-0.3039,0.0225,0
16621,50.2,0.6192,0.8358,-1.8919,-0.9129,-0.6236,-0.1908,-0.2274,-1.0645,0.0565,0.1269,-0.9076,-0.2396,0.117,1.2676,-1.9168,-1.3091,-1.361,-1.2787,-1.2158,0.3937,-0.6783,0.2755,-1.0411,1.2388,-0.6612,0.2692,-0.3281,-1.2794,0
38102,374.24,-0.3393,0.3494,-1.9586,0.2268,0.0234,-0.1628,-1.6151,-1.8284,-1.2861,-3.0638,0.0365,0.3655,-2.2428,-0.8572,-1.132,0.6107,1.9735,0.4017,-0.8246,-0.3869,0.5126,1.3209,-0.4443,0.039,-1.8459,-1.0612,-0.5081,1.1106,0
23876,524.23,1.0639,2.3826,-0.0123,1.319,-0.5997,2.096,0.9885,0.7298,-0.0345,-1.2781,-2.0316,1.5658,-1.3222,-0.0089,0.9611,-2.1375,-1.0472,-1.1232,-2.6122,0.7662,0.2577,0.3821,0.937,0.4154,0.1233,-0.8816,-1.6458,-0.5021,0
30151,102.57,-1.1419,0.4202,-0.221,2.8092,1.6201,-1.4571,0.3645,1.8089,0.0538,1.8862,0.2117,0.5087,-0.5372,-1.7254,-2.11,-0.2228,0.6108,0.3196,-0.4809,-0.2395,-0.5166,0.7989,0.5784,0.07,-0.4709,0.6354,0.3829,-0.647,0
68370,833.63,0.0063,0.3877,-0.1034,-0.5866,0.3637,-0.3907,-0.726,1.4253,-2.156,-0.5465,0.7621,-1.7734,-0.8313,-1.2588,-0.7663,1.138,-0.6869,-1.3018,-0.3956,-0.3783,0.7582,-0.9396,0.523,0.8479,-0.4401,0.8867,0.2315,1.2812,0
63028,52.91,2.5977,-0.1669,-0.028,1.4353,-0.218,1.7059,-0.2806,-1.6261,-0.9151,-1.9841,-0.2801,0.454,0.3964,1.048,-0.3997,0.0184,0.0797,0.2964,-0.51,-0.9585,0.3893,-1.0954,-1.0989,-0.6855,1.9753,-0.9857,0.8497,1.1582,0
60719,924.92,0.2231,0.8168,0.2256,0.2438,1.1936,0.45,-1.5007,0.7249,0.4073,1.2352,1.8165,1.2329,0.3056,-0.4664,1.7436,-0.4989,-0.6333,-0.4887,1.1077,1.4084,0.2157,1.6141,-0.5413,-0.984,-1.5259,0.6706,-0.5315,1.1321,0
36181,100.01,1.4332,0.6251,0.9476,-0.1512,-2.1706,0.5633,-1.0254,1.4221,0.3871,0.0134,-0.8812,-0.2216,0.8938,-1.1088,0.7686,0.8893,0.5615,1.4066,0.8606,-2.5392,-0.0419,0.1009,0.272,-0.6386,0.3829,-0.5327,1.8954,-0.3622,0
95969,843.73,0.0915,1.2517,-1.1111,0.4326,-2.0141,0.1146,-0.5378,-0.4568,-1.1537,1.1049,0.2174,0.9956,0.7524,0.2295,-0.5572,0.9748,0.1368,0.3237,0.0779,0.7979,0.4311,-0.6232,-0.6283,0.0997,-0.9948,0.0165,-0.3797,-0.051,0
8764,902.75,0.5808,-0.5213,-1.172,0.0619,0.7958,0.3299,1.2284,0.1014,0.1584,0.277,-0.0358,-0.6901,1.1408,-0.5224,1.3045,1.31,-0.4483,1.2358,-0.3706,-0.4637,0.2294,-0.6214,-0.2784,-0.2208,0.9083,1.4169,-0.8751,-0.0599,0
34259,979.59,-0.0568,-0.4354,-1.0933,0.1104,0.0605,0.7776,-0.6395,-2.0079,1.0224,0.4586,-0.1003,-1.4855,-0.0019,-0.4708,-0.7405,0.8743,-1.0502,-0.7556,1.0262,-0.4103,0.0591,-0.6491,0.4414,0.7103,0.2984,0.8075,-0.9937,0.7825,0
11800,802.22,-0.1704,-0.4791,0.2889,-0.4083,0.2504,-0.8095,0.6402,0.2667,0.7771,0.363,-0.1143,0.1412,0.3035,0.7393,1.0091,1.0814,0.2678,0.0561,-0.0198,1.6923,-0.641,-0.709,-0.3488,1.3047,0.3793,0.7959,-1.7339,1.5536,0
33894,779.7,-0.7795,0.7908,1.2449,-1.3981,-1.3264,0.8781,-0.5383,-1.0636,-0.0953,0.6975,0.1071,-1.7565,0.5115,-1.1617,-1.3589,0.7329,-1.2127,-0.9811,-0.8183,-0.7141,1.6938,-1.2831,0.2261,-0.9758,-0.9449,1.9088,1.5326,0.3681,0
96189,642.84,0.4303,1.4984,-0.4313,-1.5436,-0.0232,-1.373,0.2479,0.1996,-0.468,2.2774,0.848,-0.2398,0.1417,-0.9054,1.0733,0.2655,0.4275,-0.4136,-1.7162,-0.6801,-1.0504,-1.5004,1.5927,-0.7339,-0.7656,-0.7039,1.3711,1.9749,0
