size_sqft,bedrooms,bathrooms,age_years,distance_city_km,lot_size_sqft,is_renovated,has_garage,school_score,price
1937.122685889494,3,2,19.340781605564988,8.877514350788164,4176.045571302301,1,0,7.236900023252043,525357.0561817195
1332.007152191777,2,2,33.59227784623506,18.861336101702754,4259.888728200294,0,0,6.153530143358137,317711.50465049705
2137.7030381129057,5,4,35.17447771205644,13.968212159504356,4951.516126585885,1,1,8.174704802908675,511104.4030528255
2223.2541223760463,5,5,2.9388362078651262,7.1170995538258435,7031.479176699384,0,1,6.718901168644024,570139.9392605021
922.0341651057736,3,3,16.25173470012956,5.938420813173998,2542.3978605247767,1,1,5.511200788754215,299206.25691503595
1214.0192219119567,3,2,36.29745315040712,0.46752590666793026,2785.316055522527,0,1,7.098657512781492,333631.5793223945
1857.5281814252785,4,3,26.096949262388783,14.035132245067757,5178.443660931851,1,0,7.2555081562101815,427977.8955722743
1657.690833445388,2,1,22.343156377757275,9.517887169240494,4462.950816624235,1,0,8.402023094344496,426719.25230062916
1792.43947912307,3,2,17.387783678784118,4.6053686964446,5579.021100961694,1,0,7.589711354721136,468427.6028334697
1416.130232591889,3,3,15.394388891507056,8.2499958906142,3074.4083650332145,0,0,7.691719587039754,426670.2263703568
2195.729088688273,4,3,23.45862875708389,5.692761795215336,5543.609137398383,0,1,7.480437526010837,537114.184190857
2150.006370943027,4,3,16.9715105001862,23.029743145194622,5295.660465519852,0,0,6.717666218062105,504789.9492794878
1829.7138139025471,4,4,19.48905654746667,0.08054971674683209,5347.318283831642,1,1,5.925671327333103,465508.38533972565
2307.2585431356147,4,4,20.943184473380448,1.9105444018616229,4348.934285063309,0,1,7.433257527489064,553866.7903193046
2010.3792040134206,4,3,11.86314165807801,19.7697875017399,6252.653715275354,1,0,6.500312851174539,498336.87934010697
1413.3183917025428,3,2,26.38555248657726,21.497342102247742,3928.738597429466,0,1,9.534733930661524,394247.3514263256
1965.9378528371244,4,4,54.97093578098504,6.78511942892051,3361.448921129615,0,1,9.013273442159829,471452.1018702914
1368.5028296269504,3,3,0.0,7.575399240337624,4413.363731429247,1,0,7.949258698527412,411592.59369126026
2195.3026355882726,5,4,23.88815029027976,16.31364777587319,8430.962846025552,0,0,7.567700408939478,500422.855395476
1777.5333400561863,3,2,10.877718936573133,4.28969857861717,5512.309319385409,0,0,6.868061423528235,439079.2529592611
1716.8119364046327,3,2,26.928830930231,1.0283557915388926,5761.948529876775,1,1,5.108314402979298,449435.0687010216
1493.5817050182263,4,3,20.558689679934332,10.034866194045017,3810.4597427618187,1,1,6.675741665017052,399342.1555285329
2350.1436024033137,4,3,29.142257288509562,22.84923396290388,3532.4939115172297,1,0,7.152100050107885,515065.85371278983
1730.461733069039,2,1,34.106078918105354,8.949889382832822,2411.4464095233498,1,1,7.344184711666993,381740.684128586
1607.2524800266017,2,1,22.309053413218177,12.706557542146083,4264.119948636529,1,0,7.704304550523739,372848.29514422227
1641.5399022802967,3,2,33.58462746097014,19.936524907948083,3520.795655184895,1,0,8.381995296816527,439307.17831349216
2039.539133499007,4,3,0.0,26.748193132947023,3979.6593676164102,0,0,5.961768892460699,448810.143125165
1964.4498289638352,4,4,39.08542757499228,7.962060687961812,4837.166944855401,0,0,5.975386589186483,430537.10512465716
1985.7296752181949,5,4,24.500745822708083,11.882142933866017,5697.755772285824,0,0,9.176285019614738,517241.32758531
1993.8694513535472,2,1,32.93412026894218,24.754386549399896,3246.7082927564475,1,0,8.156472383789723,383385.8808211691
2763.741420391708,6,5,5.3614910619017415,1.3446050736600021,6165.004547865813,1,0,6.413843586800018,681084.5600543479
1617.113242626923,4,3,10.03076142073597,19.193067493876754,5507.76223236412,0,1,6.839183246571645,441767.46942904167
1569.4907719178082,2,1,21.75125952973729,4.871791273471192,2911.1338158497833,1,0,6.845929079987652,382479.7759900253
1433.802272288455,3,2,19.795545327950443,12.717306569722098,4332.745020624388,0,1,7.047361183422074,409588.8221722363
2077.190740158973,4,3,23.396823056119874,10.30166666819808,4588.849900781565,1,1,7.70902463835792,527287.2176103671
2308.037531724401,4,3,33.0141819311596,5.293918795091395,6525.921318699802,1,1,10.0,613606.9421360994
1748.7236440553063,3,3,0.0,5.118286506392074,5523.16264440902,1,0,7.284634841743979,494456.4872602922
1421.9295853668623,4,3,31.685828860607707,13.934900549776282,4187.2542487585715,1,1,7.993897225637876,331495.73523705266
1428.9834529389423,4,3,20.099382919495124,18.968775297138777,4351.963048933864,1,0,4.4702849407147855,339954.94237931893
2092.7667545211157,4,3,17.55461766650543,11.091846577680478,3785.9068894401858,0,0,6.272650010831748,482892.91445646004
2134.464377041549,6,5,2.346617187381316,12.490792111132514,6762.401125915378,0,1,8.843222504074907,635136.2311371911
2044.4194207373378,4,3,26.03658402052238,15.998218464037329,4065.0911337502835,1,0,7.603473087034924,518365.173589473
1500.5206317200875,4,3,0.0,5.198668588909281,3984.9702437201095,0,1,1.0,310762.19132692437
1904.472595380024,4,2,27.780728134864553,17.177847558890463,5056.275160048623,0,0,8.011034803474296,478175.1722550411
1852.5086141133277,4,3,2.094729974324096,17.735401679418228,5170.487766807279,0,1,9.877246591943154,499303.7750534612
1898.4098685280558,4,3,20.641494951409687,30.22538409125287,5129.833798779585,1,1,4.006138620820311,373106.4625952754
2192.1429500766853,7,6,18.569973952064956,9.367270666082923,4370.506117815315,1,1,9.279081513468268,645104.8792537679
1900.617996948607,4,3,34.034457767526604,8.793427388323106,3212.1956139893073,1,1,2.842066554061108,410250.96292869723
2105.5111033823528,4,3,17.85613797183332,17.382761101016218,6365.821657464147,1,1,8.40699841758012,575476.7657951382
1830.410581270001,4,3,11.670337266252012,17.73372918238497,4780.11859940888,1,0,6.98702706098164,465291.2051064592
1930.1037294104929,4,4,13.920767648345564,8.254389926363016,6156.309239864673,1,0,3.4750431771330756,460113.1151871596
2084.079701627343,4,3,35.274593225055966,9.177861261489658,5154.263053987258,1,0,7.66920674085968,536361.9921987829
1144.2798810649501,3,2,26.435563630170723,15.787915867526284,1895.958918155092,0,1,8.726259623728088,342963.7222590799
1656.1479526392145,3,2,15.372440221722064,6.20691031485737,5100.402097505393,1,1,7.54583050573236,469657.66002783773
1588.332305568242,3,2,17.16264296042584,9.126262083894895,3617.86780130596,0,1,7.877241455589419,447703.0095981233
1512.5049682904962,3,2,1.1938749129746355,12.627149371579042,4091.6315778393337,1,1,6.382485831491407,416081.566427384
1676.1859869479922,4,4,24.66169041021849,18.971570793755806,3539.307514689145,1,0,4.207915367168467,381458.9126726511
2472.723590055478,5,5,0.0,7.767809686743214,8621.351151976742,1,1,8.037796033505597,702366.5993637776
1410.3759979380407,1,1,29.021557590025473,0.8966912342147033,2784.168401646246,1,1,9.624630879169445,397971.2608533213
2235.725259566166,5,4,21.54345910989519,1.416182272627477,5136.67301416479,1,0,8.694371281341189,609172.5392702742
1042.7086027728878,1,1,48.64342159488707,3.184108533057067,2673.9941189277865,1,0,4.018186255597981,258445.46855441475
1649.3017365064013,2,2,6.79837335530833,2.8078259726004386,3042.4514160783297,0,1,4.727658389183599,428039.2392524309
1873.2388792972524,4,3,18.768054907512404,10.917724689660638,5054.582417033501,0,0,5.731048387303989,438717.29249140015
2063.800049111675,4,3,41.57945241107675,3.677838924816765,7155.496676315805,1,1,4.610536823079785,474623.08571662643
2120.0519609067846,4,3,34.29667568349697,7.080715281251572,4676.246742949394,1,1,7.0662848793340585,562754.2109309847
2157.0062558399663,5,4,11.645455381041202,6.581398805125652,5903.9109591609185,0,1,7.590123707770784,587439.9694873948
1643.073717488203,2,1,22.687609140481374,8.916444974064046,1397.1692812813187,1,1,4.854620075136449,372484.3591310828
1591.9416933009447,3,2,20.023992276981048,21.257530320661857,3942.670422849148,1,1,8.165692688913293,395069.313778691
2186.089146565719,4,3,23.383470408729885,16.633633126013617,5054.619860206658,1,1,7.9016559160300215,545838.8547849082
1713.9130538032732,3,1,11.615834768182044,12.112905906932028,3443.0823993414792,0,1,6.177761312734445,397816.89219078835
1225.9411544979353,3,2,18.928155167591186,8.772816035934133,3860.3296686060808,1,0,6.741217021024024,321110.5831278359
1290.0207536984337,2,1,0.8233714966794352,8.967371403638852,2972.535212211451,0,1,4.075298236520453,297988.8591817044
1386.2464712992748,3,2,21.621481422416984,14.294225289663647,3317.999654117058,0,1,6.501606765569389,344054.5549724552
2023.7223348241937,4,4,25.400248081061985,16.089183513466033,4601.305649912171,1,1,7.011077461195488,491897.0418029231
1864.0915812317544,2,1,17.27096704827339,5.646677457295797,2516.3567554821752,1,0,7.253121392842284,468964.8901073894
2110.718409330496,3,2,0.6193893129825483,12.25536528929962,3843.213252416479,0,0,7.568315368030261,531566.2610110734
1607.7363091485595,3,1,31.86238235421755,2.2213369806411887,4946.451709344382,0,1,7.366362614845858,431627.35497304326
1871.3428609845214,4,3,24.374300455913627,13.481996489194179,2309.2925044201984,0,0,6.603484454101494,426489.8632908534
2081.5156772853015,4,3,11.287818827588278,17.335044693710802,4246.730744831579,1,0,7.429292413831475,527591.849565424
1660.7940571258928,3,2,16.63279463794323,10.039519611833873,3753.673526414692,1,1,8.503047989965372,453177.2090280212
2005.548856900835,4,4,1.9919671666179326,24.715688972980736,7112.023447940426,0,0,6.8567528900355335,442567.0504535975
1502.133326520007,4,4,7.695078466665148,5.831330867947647,4448.060514924536,0,1,7.476392336247515,454301.2879199137
1636.6257690457178,2,1,13.546263843714327,13.52208290712283,3544.436637217562,1,0,6.720743406003822,387251.30766346643
1628.217947700752,2,1,34.741049747361814,11.749226773338311,5344.964438050882,0,0,6.029861625280643,408382.7922738466
1261.8721594849321,2,2,12.325959309350292,11.297916327896141,2594.0186201832275,0,1,7.784319500376406,372775.1296289422
2019.137616353512,4,3,27.682563911945103,11.199744823966766,6270.350864308345,0,0,6.167161083744692,483866.719111178
1588.7689469087743,4,3,13.540205565661044,12.749735210066302,2676.5571846818925,1,1,7.579220351488286,443888.0970736389
1805.6223534274593,3,1,22.975370730222497,17.935711204245898,5676.794882810402,0,1,7.042383057265068,412797.1779196681
2016.335996507659,2,1,18.303253974274373,21.644153653923212,4549.4988580155305,0,0,6.544097985219786,384196.0015021997
2000.939029213475,3,3,30.476679201112923,11.984248288470898,3767.563006587108,0,1,6.507785751780009,411731.0568445517
2099.4232990377536,4,4,13.582263941377306,17.707212505201433,4975.032431276592,0,0,6.23781851137647,460987.8806838905
1755.6815319707594,3,2,1.1296609999707101,7.0876313761325225,4681.360662527515,0,1,4.531298241866479,413005.51774365985
1609.5157595801309,3,2,3.416611623636406,17.36168816908363,3546.006161375126,0,0,7.574342642742538,340441.0696453517
1764.1268050921203,4,3,13.617470072686912,6.666059333211068,4996.663549950967,0,0,7.347320237917481,445104.2192922759
1040.6995047188866,2,1,5.011280351863366,19.634619552616925,2237.715894207215,0,0,8.27450537867274,264509.0924481601
1148.7993874096107,3,1,24.922544188154617,27.474486141752678,3299.6085241925334,0,1,6.2028146465398075,240786.7354714359
1204.7851744405189,2,1,14.410782021703067,11.145412784200257,3331.6324865926235,1,0,9.843075438215001,340815.98219502874
1351.2389275793332,2,2,48.49527860031718,3.3478044356518595,3328.7043570832884,0,1,6.4303960782255505,311897.52852989326
1979.8984020255464,4,3,0.0,8.16348946728624,4425.410724102455,1,0,5.687335536707956,540781.7046565821
1392.5344250879725,2,1,22.443598144517615,20.623125940025123,3607.9515276649463,1,0,5.509472620236003,312344.90740430664
1629.8268506822747,4,3,6.4645637179319735,15.871537509176715,4612.6581217565345,1,1,4.399116395155507,386597.847753602
2384.652734003729,5,4,14.079183915407857,13.742395190725206,8911.636826926124,1,0,9.298941838589691,627930.0059694649
1639.6812130223584,3,2,21.69703368008653,19.060678491683873,5023.413042607106,1,0,9.056601086152993,421108.80546988704
2131.882005810189,6,6,0.0,15.391174074738954,6578.122261643863,0,1,7.901117744327137,566529.3393568471
1379.8720439955555,2,1,22.84191340145633,20.524076312157952,6006.731091125124,0,1,5.65586678833633,274369.7603607295
1707.5530989595666,5,5,42.83488954729001,18.4359657365289,4797.49864496255,0,0,9.71690152233868,480201.84473432007
1372.4900752902386,3,1,14.558740419576885,22.651903169158714,3830.3262338230707,1,1,6.472421257717516,320749.6142823064
1647.4351158447469,2,2,23.117694281666115,14.51157258734378,4814.479282924793,1,1,6.5964612531600215,366395.189116399
2178.138661855828,4,4,32.29906031750479,18.336815810457683,4126.745972070289,1,0,9.155888620654114,537328.7348100507
1022.705809563443,1,1,18.03255799967604,9.850110488399501,2284.376054444499,1,1,7.988365876721309,294964.23186160275
1995.490639595636,3,2,13.0284777376222,7.789774319086959,4382.692978747766,0,1,10.0,477226.0233995392
1906.981021049525,4,3,0.0,23.94737348293281,5508.445090738274,0,1,7.373083390478529,464158.664622944
1532.6325199364426,4,3,27.69188863273968,13.513432734258817,3671.413940917565,0,0,6.404453800631913,391406.8824289444
1149.2739655251953,2,1,18.641979083253233,17.634163961036652,2968.4988644069854,0,0,6.082292674810306,263152.2012568894
1832.4582784712413,4,3,7.847793783342059,12.866180100879731,5776.774828869815,1,1,4.22950573421406,499475.938216771
1561.7282809212888,4,3,21.519160523332324,7.89439044356025,4713.124853902635,0,1,6.582106340790693,441108.398138967
1904.7042951096169,5,5,12.995835718325823,12.07688024807681,4576.942324312783,1,0,8.716890008241071,572875.469841376
1809.8334654855494,4,4,13.658886426613693,22.051958124374,3797.0359348890092,1,0,7.898251258984104,529744.4733957734
2520.800501094412,6,5,27.275493873304498,15.886680519955968,8019.08192019474,0,1,7.030462009840608,631469.657668311
1692.2899676371392,2,1,3.939411064113866,0.01968788188678694,5016.513887990822,1,1,5.507598334275507,435529.1330468989
1339.4261283201608,2,1,32.5677834328851,10.493288803966918,2057.6879100700558,0,0,7.340309527019106,332439.80008547346
1880.6740357303422,3,3,3.2277660425791552,24.476056548932984,4348.320800070962,1,0,8.51922055779306,452585.05146023736
1898.9985077872943,4,3,12.047583099736833,10.503421967050308,4936.08443869957,1,1,7.646078884704977,509877.50082079624
2411.6344088581964,4,3,43.07535432879892,0.6033508421392639,7156.037548815716,0,1,7.2501027544500385,560343.9989778369
2175.8000606615606,4,4,33.52825713970907,25.251342197957804,6627.619484392781,1,1,5.804563520078191,495306.2265394482
1960.5919766172792,5,4,21.171247909945283,16.776747568689547,5235.454238354076,0,1,8.30077272116802,490701.29581525095
2458.486301048803,5,5,8.713637413985403,11.509909988310397,7009.509575763033,1,1,2.3021427718837284,543962.9821605743
1265.0566255547171,3,2,13.648732319601281,9.40007584742552,3211.323575961019,0,0,7.574268563297718,351192.76996954187
1512.1118102626135,3,2,20.879303775028358,19.576463508542147,3168.9160680185983,0,0,10.0,386380.73137200065
1383.0408263675138,3,2,20.45027878807518,8.206116198416652,3240.798474347124,0,0,4.737439919002229,268198.936103439
1624.5855885799044,3,3,18.909548844488445,20.037794971611916,4079.975656325092,0,0,6.637945817947951,334016.0452659515
1180.491233599661,3,2,19.63000983098979,15.795367000069792,2926.6649536182986,0,1,6.98813351481291,276037.4814301803
2085.817926066482,5,4,17.42749868353863,13.71277347841145,2854.7677561701453,1,1,6.306125778915135,500529.6555078672
1699.9997863055519,5,4,2.6962551723198445,13.018603637349168,3844.5665150998493,1,0,8.55456136383847,504753.525343545
1138.1371674738039,3,2,13.801871094070005,10.775223743000753,2883.7247643662513,1,0,7.708676521532952,339081.08365165634
1342.9894134566061,3,2,30.97548864784216,19.31948084146486,3130.747381405279,0,0,7.228450558820979,335738.29564106266
1941.0812313525878,3,3,3.5799884293865887,5.942600175287161,4565.24005623022,0,0,8.19590884175392,519965.17770402675
2177.1569555524716,4,3,17.725333861528657,0.6465241121885352,6080.352673199254,1,0,7.025126063607614,587153.3318474672
2698.528901261304,6,5,10.162952854749872,16.30108086024732,4999.363961668657,0,0,10.0,701353.7158681696
3111.2381097032985,7,6,21.336205152777335,16.418668296470035,4738.959086107803,0,1,7.227020400485111,742942.8402564401
1986.4842449741984,4,3,15.336401827198182,15.361688067582367,4551.230329991686,0,0,7.292923147734556,501050.51718809386
1354.7078459856612,3,4,37.72872397969603,14.854098587326272,4007.8606831825186,0,1,4.434297925640087,325455.9699591761
840.5791736709109,2,1,26.078997850283045,9.756217351637165,2952.561097851785,0,0,6.184824509044864,220154.7294258219
1920.4701580547262,5,4,4.258362010673464,17.512378930698677,5702.40776090882,1,0,8.721066522699715,560422.4257678669
1434.1765071103532,3,3,28.054736139364383,11.681093112718214,2321.9916333886326,0,1,4.996814724460191,271027.2592890756
1613.0892329191415,3,1,10.704177724855244,8.590205074293753,3807.8256271447653,1,1,3.7636642385470678,365141.87136768375
1524.5564404230863,3,2,13.076043543469597,9.8167608142122,4046.143260164819,0,0,7.048473206781362,373629.88651901804
1736.6441011126267,1,1,23.765828241285462,26.144477891430824,4526.657792150782,0,0,9.056116761212467,397292.7834427125
2279.6911038544395,5,4,14.099030963238384,0.14483257431802876,6436.896434603338,1,0,7.063571843044189,644106.9659037907
1870.6718553504052,1,1,30.714269795875463,15.498516730070591,3647.381045902282,1,0,6.495813096060485,353997.5101641074
1728.6143233325902,2,1,10.705879261839256,0.24622700663397978,4388.892739136469,0,1,4.212268093388531,427553.5935588255
1333.9558112283848,3,3,12.572641368903641,11.242366631739188,3671.304776894058,0,0,7.67838118405329,331065.88089816464
1046.3926748830395,2,1,12.123549277422693,8.964607603920687,3134.367309647986,1,0,7.991912663324567,279463.0755705091
1581.161440917001,2,1,13.212335019739534,2.5951980767591447,3188.5213039158107,0,0,4.327401251348349,340460.4117271676
1775.7978521317557,3,2,33.19029866657375,14.72326313303634,4071.737336230311,1,0,8.701798673045829,431178.9274459557
2595.5684611109473,6,5,27.545555523323635,9.33973356465463,2278.1548157818497,0,0,8.148543288838164,595659.5965553831
1858.6235346627986,3,2,40.51932744814485,2.6944443979287076,3953.5205333542563,1,0,8.698473913821019,492326.43144832546
2242.232779960376,6,6,47.21173044679105,17.876976635419766,4900.065791909489,0,1,7.875287637750013,567967.8482412084
1575.3169806573815,3,3,7.631395616811922,22.045043245922542,2974.591178284627,1,0,7.980524063216977,428448.72679858946
1266.775305112339,3,2,20.845029527927466,22.430870396076003,3292.8142920656146,1,0,7.781081348052608,312589.43151236634
1365.6974569954327,4,3,5.885596200278805,14.512695084560299,3368.400921923742,0,1,8.302708482251793,393558.9992676128
1473.648270958911,3,2,10.668728867020794,12.322406970039808,1686.5487027461033,0,1,4.271863346314122,329571.3149172188
2757.8113795958243,5,4,12.439009876931967,21.29709634627058,7251.126647069944,1,0,4.748410849567728,648914.9206145136
1430.3759943490263,3,2,7.314141510340708,23.77668509738069,2779.2284548792354,1,0,5.895988149715342,261228.01709453372
2177.3201416813554,4,3,7.377352725219037,19.934980920129377,6077.800566266045,0,1,6.80526974249117,486235.01210432546
1393.682769860838,2,1,18.268587457756944,5.409236784391393,2412.3105261616606,1,0,7.582205384962269,366117.47173170134
2219.20785579341,4,3,5.3993789793631155,13.409413972504453,5587.974087103343,1,1,7.487022479843275,535708.912345759
1973.2279347476383,3,2,30.105523509651594,15.076613010039999,4597.822362476104,0,0,8.675658717184048,453079.523866954
1729.5129460538592,4,3,8.98695755098983,0.6673187824206046,4638.313545531602,1,0,8.722742947870525,506293.3941159947
1781.6568632390547,4,3,53.7148276411567,15.28552461734542,4587.442814430486,0,1,5.6914223375593105,370774.07907441515
1505.3455370567744,3,3,14.583386588427258,27.910942781855724,3532.8976913907436,1,0,7.357864165075707,362204.0054826698
2000.7324906669362,4,4,20.864211703004628,16.47955316060554,3157.629266735101,0,1,5.728252678417243,475020.59121032606
1595.257433846649,3,2,4.455905786407577,22.313891570092295,2574.227393587415,1,1,6.71762944246965,383966.1334038153
1248.4774063047385,3,2,40.47310109753167,13.280403110900936,2683.8117249860065,1,0,7.482687053572742,307250.273664622
1224.9280915561712,2,1,33.43400816963499,11.48747173211325,3056.2348714383224,1,0,1.886931885292464,218547.55301498665
1877.6645629749537,3,2,23.56299044883335,14.668899730566828,4008.9100378625585,1,0,10.0,485500.3464025337
2510.591065384696,6,5,3.8383694146452143,6.289213464108972,7218.268555592574,1,1,7.849613016096213,640601.9181820044
1871.9962261080473,3,2,22.528002532695442,5.25357368935928,4366.370261061303,1,0,6.106445086879891,462944.57136623526
1746.612753250553,2,1,6.542827447792941,20.86413190018556,3355.2297638370073,1,1,9.891054632845343,437338.55956266954
1928.6217628211443,4,3,37.548263161680325,21.606396400065627,4499.748869363041,0,1,6.4788532442707085,456687.89489082486
2387.7007837680712,5,5,29.710336782238073,5.062255790888547,6292.823384337034,0,1,7.198779078742087,614396.9359435075
1898.7221256137354,3,2,21.145268461852833,18.77599163187705,5116.92479637796,0,0,6.269326284403559,439240.2395334685
1615.0827461248182,3,1,0.0,11.391280170757854,5857.949501369855,1,0,9.477987756165009,431235.5211633886
2297.82991952695,5,5,8.199008256091632,14.378660021433014,4822.350861870846,1,1,6.84252294054118,579164.3718820298
1992.940397307726,4,3,28.25313357919847,15.221530476045444,4894.487837455147,0,1,7.224226151109264,442217.698341915
2491.0901963981964,5,4,34.554604300677866,18.96045327687023,6864.6334028189185,0,0,8.805673229538169,569170.9318034202
1882.4554967498577,3,2,33.310037737905574,12.579027413042322,4679.68313489601,1,1,7.877709186191614,494027.7512698629
1248.9889357257748,3,2,0.8958439731025365,21.87113396711355,2747.31242409641,1,0,6.918477902298892,362425.8610504111
1184.3283603394507,2,1,23.618627681754848,14.165889878319472,1859.9233740062837,1,1,8.665586458536195,297745.7751887248
2542.917569504062,5,5,32.18618259779515,16.369289907286728,5577.887818564691,0,1,10.0,626085.0265138297
2575.649574352484,6,6,0.09997321301305817,6.1671618592392745,4779.835238502506,0,0,7.476115673199132,665873.1498618263
1719.2163540228298,5,5,19.905145815521163,27.110613074933838,2516.994619165226,0,0,7.17514013180885,427697.57792080636
1627.5657054888056,5,4,23.286108779701475,15.288774462434764,3291.902506550352,1,0,7.2559406254286225,392210.28759324993
2457.649931508991,6,5,16.39082498183918,16.990981977415693,4600.093891277292,1,0,8.965644251247276,596718.7191525158
1301.8294430804303,3,3,0.0,0.7426993215192095,3710.567915583016,1,0,6.101203397450616,398745.9575848369
1397.372841469878,3,2,16.091622679115254,6.241085838446293,3997.401748973872,0,1,6.582523660432509,318723.2787069754
2089.49705761007,5,4,16.07233483693971,20.665185815431116,4090.550774416824,0,0,4.693835576310038,446739.61257397814
1622.4276947131848,3,1,18.22313114542695,14.008237828048234,3802.747954473226,1,0,5.22419820604004,369791.98715368763
1797.695159975968,4,2,13.238342894899166,1.396458143802482,2489.905596095582,1,0,6.223299995953044,475481.01589707553
1726.4506956639693,4,3,14.683854161102392,19.268029502886733,3804.054608627481,0,0,6.9160945089093655,406442.39336920436
1951.9085469595202,4,3,19.523524611836265,8.193520369530937,5347.037076636639,1,1,9.65362498865518,537881.9047171996
2433.3668375911725,4,2,25.309455259636533,21.879218901136984,7287.842996173575,1,0,7.803989207387836,574492.8899302045
1840.7632081057855,3,2,16.346878845719992,11.385150249774103,3814.377520089721,0,1,5.6318822347153095,426617.64520185743
2089.772456974586,5,5,15.084212859583978,13.432946802143709,6543.313532195619,1,0,5.908029271953827,511174.58414287644
877.4225545360399,2,2,21.108248459053495,20.252682050141537,1395.6150197417062,1,1,9.062123024845981,271909.4257511045
1778.076719131447,4,3,0.0,5.717549204017364,3114.1650315493475,1,1,8.689915522943789,528936.847517529
1420.546378368208,3,2,25.724421526717496,5.050072345162422,4156.230501779267,0,0,7.042224865336305,406201.1823509461
1251.5341228093675,2,2,19.993242834524494,10.62451105721325,4383.7144515622285,1,0,6.336210301691752,339619.3777752081
1404.8314348820622,3,3,20.47632231917074,17.790209597348557,3927.9918479912412,0,1,8.687399253556965,405826.4639670903
1649.6444516846345,4,3,31.52881169113357,2.683859231705565,4084.180772743456,1,1,5.51000930991297,414718.5160636174
2212.156144060206,3,2,0.0,0.323757800776324,2616.7368328243915,0,0,7.588045597086285,532140.2430615465
1203.1232770171962,4,3,0.0,17.766046489306547,1547.8563147465034,1,1,10.0,395493.1515894756
1813.784171667488,3,2,23.285646143882236,7.779151812030974,4675.293010979448,1,1,7.308033523377186,459193.2649186502
1582.1237549998896,2,1,19.91459773845781,9.254417909558018,3615.409714315385,0,1,5.836585781107594,332386.8062491747
1652.5471075371177,2,1,22.042123318303187,0.9976728135811612,3034.9009298358355,0,0,7.615553054007306,435972.8269400259
2251.2410213870717,4,4,14.454475097930654,7.247144799536125,5716.620333988863,0,1,6.294986921476979,570321.7858473934
2042.1519466517668,4,4,27.972244090879173,11.947028923581945,5246.449314395469,1,1,4.9088262343698785,474952.06574707996
2401.829148349235,5,4,31.19166611589344,18.512645003360245,7365.568207607238,1,1,8.05155404030816,608785.2857546498
1730.4724443375449,3,3,25.807787527418323,6.601388836357528,4468.013002796109,1,0,8.676751600824584,472098.7910961904
1486.8258247481835,3,2,16.870058499145003,23.601632841627477,4812.909643759336,0,1,6.533639991891141,358765.5187525102
1699.2635324037751,4,4,0.0,7.208107830741396,4256.309208742991,0,0,6.43414648885559,416720.4578370963
1909.1235560720497,4,3,29.23083449644554,7.218357388903777,4640.695636924444,0,0,5.5576519133172555,437931.8938615675
1879.45801130417,4,5,34.66074399461111,22.761502863284615,5898.843067242979,1,0,6.77509659929865,446508.6140287587
1312.025367494985,3,2,27.73470094380776,13.48022106654742,2509.819865612375,1,0,6.156447425615213,336957.4186277339
1840.7204017325435,2,1,9.44429087158992,8.135826896918964,7710.167512430092,0,1,5.483450969945117,405609.2915879965
1902.7027485625074,4,3,28.085532724013092,10.914068081735845,5185.158932482159,0,1,9.83825324559941,445524.3511431803
2932.8633168902643,4,3,30.326356495537347,21.471515042794415,8002.310379613465,1,0,7.699739225124261,621079.7284527922
2644.5800750767517,5,5,38.70579497358903,22.26341973737977,7444.64519785445,1,0,7.858592662044028,614118.4323038252
1416.0404922485309,3,2,9.486680909264509,6.282447745108208,5134.961985749102,0,0,8.32509935339864,397307.8176601548
1670.6774873028708,4,4,17.282544985470338,11.702963329446243,4971.1082929784325,1,1,8.156554325139709,516188.8467296934
1141.4510991733487,3,3,28.96726461372146,12.631097793673012,1754.3720010521015,0,0,6.380335070804928,297691.01751021756
1534.181843716431,3,3,20.688920857257894,5.096319226383817,5127.361878793489,0,0,7.408828934457201,406121.9954511282
1942.0222516156532,3,2,6.592068775384703,11.61020463145004,4457.838383370001,0,1,6.59645427360901,461271.57378680387
2342.634129399705,5,5,24.975395420320435,12.037260023161904,6007.20040196229,1,1,7.65769543716499,630129.3298328862
1471.9122730153763,3,3,26.943939605782,19.98146635255715,2550.0109093693736,1,0,7.512536328937246,348383.04235243826
1505.6341019694914,3,2,21.055554755972025,20.451975198178406,4239.445876731232,0,0,6.426009608703697,331706.12178374955
833.7199366176053,2,1,22.635019126159328,9.695534211486944,1758.461602446339,1,0,5.006051915617301,182839.92494439983
1726.8003357547916,3,2,16.895529179771238,10.502327992974319,4420.784618098719,1,1,7.219355585448262,479551.20230545243
1321.9135146631966,3,2,37.73934722859271,16.65004611438945,3079.451197844717,1,1,6.693595768289051,335534.39343289007
1561.7522576852668,4,4,9.19169379544788,7.90368085751092,5708.216497723572,1,0,4.164441628436863,385327.8778778872
1405.4126498245853,2,1,12.952150846834654,16.12048106216182,5185.067845203278,0,0,7.761492653333076,334867.06570461177
1757.5818505863494,4,3,20.131826162330306,11.384654588415497,4443.005048735471,0,0,8.448013168364163,467798.8745544119
1009.0222238895159,3,2,30.54744833241071,5.214209955829655,2561.2885192866474,0,0,10.0,318533.7270586957
1139.8296395740542,2,1,2.031521958865561,5.302143009842474,2594.177281893755,0,1,6.4132037450190085,296626.64046434517
2758.161200412734,5,4,4.27643900281473,22.129410872217715,8725.729185413053,0,0,6.191932155176398,603145.5073435646
1220.659838426686,2,1,0.0,10.90504964599691,2810.750030600835,0,1,5.3358684543411385,305190.4945842186
1306.446489695412,2,1,20.39234270303925,23.482478657288176,2935.8434621753067,1,0,7.3129628597305105,291470.37748006824
2626.6110877445913,6,5,6.580330193521473,8.40454617499563,8108.757439015554,0,1,7.303477270837533,661911.9443047614
3107.280226158183,5,4,15.385398679784998,14.038436407920454,6764.612884613699,0,0,5.783055497819876,648162.3988991671
1272.7950170285962,3,3,27.936538278700496,28.74873706112769,3153.1548907431907,0,1,6.73760517699424,288233.622965328
1634.2879694453864,2,1,12.301487350605841,4.598292787357046,2535.1296119068475,0,0,4.032001499665965,341089.7080175013
1953.6999979232294,4,3,22.775384272920377,1.2847014992984356,5709.716000290888,1,0,8.38956512174987,525524.6789440613
2577.9139399825167,5,4,16.407945106979334,21.00613091901063,9446.817612857176,1,0,5.84398111049175,598440.0173408742
1355.9143147072932,5,3,28.065371781157243,6.212336262248485,3976.5376710338383,0,1,6.948015472880531,405419.1616369946
1689.6249693260506,2,1,25.701536808176105,11.855055451256364,5705.9978474919035,1,0,4.859959868053331,381313.3474475207
2149.8019092277846,5,5,11.69679564590468,7.8985725268389055,4283.133580416022,1,0,6.12646960080764,566509.0076295778
1995.6447335099783,4,2,17.97617895919457,13.877139466687213,5272.083419073008,1,1,6.58061326972371,481611.26991589775
1630.7297679464552,4,4,32.524920772645935,5.346246549699805,3154.001041104164,0,1,6.983063729558755,414690.93800519954
1739.7796659677815,4,4,24.720522443049163,10.740419384816857,4111.692046033167,1,1,7.719598773283767,447439.0539239485
1181.2968862335083,3,2,3.2364553069864215,15.148707285895739,3500.5688238099456,1,0,9.158612625229331,348475.1315028092
1692.8218152114007,3,2,27.86741673405659,4.941837796080167,4335.47303108818,1,0,8.099066414154034,445499.8966449077
1680.1256294959703,5,5,6.984672530765142,7.099411792478778,2776.265441330101,0,0,8.443246814719368,467745.66279427987
1904.4764503318152,3,2,36.95015683953207,9.568320164810277,3258.525948031,1,0,9.169156164914707,479238.7785734211
1550.1027515314427,4,4,32.2891860780923,1.9982919604160525,2590.6892725167068,0,1,7.8545618222840465,410486.4928088762
2012.1923351453124,4,3,23.47862571102081,9.042073120408775,5623.819118601535,0,1,6.944939206571507,452586.7496583019
2255.7221180189226,4,3,21.88679412123432,12.831575779320312,8432.64882705079,1,1,8.513667859382583,599100.8541328562
1869.9431974508097,3,2,17.49161292767096,9.203157408881001,6203.489708734409,1,1,8.609513928942485,486113.47776601004
1958.2903837796416,4,3,28.142287416800336,10.100364549477929,2667.992209483344,0,0,7.972848756949053,454718.5641704291
1823.9199064100403,5,5,15.55066196645526,11.860688303653902,6114.956981204581,1,1,4.818058604445845,448133.99220209295
1800.0379768911364,4,3,22.826838447678725,7.409795762973802,5511.428729549678,1,1,5.737809770358028,470669.65784228843
1475.2988849057188,3,2,30.463212398233413,16.83743796106814,2320.3796403742303,1,1,6.587718843954274,390324.3033968346
1942.4224177529886,3,2,13.258321477692924,22.05184687361243,4502.68867394402,0,1,8.169431531103848,443771.3314162369
1756.2210307139298,3,2,12.605687120111664,8.749337254631861,5544.940275997253,0,0,6.967980371394161,423261.4152882635
2741.9257390187677,4,4,5.667614231306491,15.39638762034395,7760.363034297253,1,0,8.705302950175845,700442.1378267014
2508.009706113859,4,3,7.226327046485933,10.322679911957472,4300.090406715828,1,0,8.972854943116422,584888.3807520083
1973.6309486504254,4,3,0.0,14.558411415269532,5657.305143820972,1,1,8.798755703015809,589674.8215934616
1456.6242556373545,4,4,28.757945468186357,22.96045671842278,1773.4395102792137,1,0,8.808310846720431,449954.7543088787
1299.414837607462,5,4,41.70697450499325,15.560616801126692,3074.814029222516,1,0,5.444509143011922,263585.6770711187
2336.0143288899894,4,3,37.103947321643666,0.4139017716677653,7435.005813610499,1,0,7.723953249183664,583604.8026943848
1918.2371513162122,5,4,0.48698613648180356,15.177969420128711,4816.763558897466,0,0,6.088706438566875,459648.69332958804
2016.064531526225,4,4,28.6982560586744,20.630046203163065,4436.627150060639,1,1,4.526400502961202,441130.1163262423
1014.9363058616133,2,1,37.065276199082675,10.448826810013282,3078.918645515377,0,1,6.568793301916246,236177.29605725128
2217.347316701181,5,5,14.518280231136032,18.969443642824828,6840.186284732055,1,1,8.987105448440877,614431.3066160856
2004.4891521964632,4,3,21.217369167800594,7.169191211936378,6586.799092470311,0,0,7.691113015177695,500271.38497736066
1300.3061920134849,3,2,0.0,1.6012258833440836,3932.913204223079,1,0,10.0,412501.74436722987
1587.813836647523,3,3,23.2008340157197,12.988183131828482,4999.747707867967,0,0,7.265845217902167,384983.8049458172
1918.6727419604338,3,2,7.237283246783392,0.29533704522419946,5640.408857804048,0,1,10.0,552655.425908871
1823.6100592603095,2,1,22.395620214938173,10.321602909744858,4849.557577481133,0,1,7.266281838275577,391212.35946236475
1668.5229663884002,4,3,1.2655649337334367,21.00789583851852,4260.916109053627,0,0,7.033720444230605,369029.71834810986
1753.4302793703175,3,2,26.51429869373115,1.3683403402239662,4133.9646731016255,1,0,5.080914868117755,469968.20623644243
1686.6101798069017,3,2,32.294152105120276,3.0435224286027154,2989.649826667464,0,0,8.665844110439151,415755.88565647084
1868.653130446111,4,2,10.601841659417989,4.775774283868957,3600.5453212108773,1,1,6.246812306589281,481496.3872671902
2462.171387846921,6,5,6.3569290230747875,11.556760982023281,5738.807676589695,1,0,6.02942854088691,608866.6379889119
645.0037015809162,1,1,0.0,9.439982500476535,1705.9517759712544,1,1,8.921845845643858,267468.10846787435
1693.4173809706422,3,2,16.803037591097876,21.793954671872612,5697.481710135738,0,0,8.737334003193936,452274.8490615011
1879.430589617601,5,4,13.02087278862074,18.680438303641882,4651.44348086573,0,0,8.698077050816018,503966.1583323462
1933.1972953591949,5,4,1.3877670518233423,15.466910622480185,5996.943829287053,0,1,6.456713298917528,459317.63965088566
1632.6384384054195,4,3,25.43622507574606,13.019412200407194,5138.875432731863,0,1,6.923536202042123,377870.0407210287
1009.4751978846379,3,3,14.600355417624211,14.752608438893791,2383.5041135736,0,1,6.910218403456223,276530.88242145063
1947.5979676713494,5,4,7.091168496257211,5.966123512806375,5563.925387413542,1,0,8.173777271008596,544558.4932575631
2577.3075963738834,6,5,13.345131132314634,18.000472474896284,6066.680987814183,0,0,9.330347002741345,606698.1091391747
1109.7623677877382,3,3,32.85565446715539,4.215690219485593,3654.759915679159,0,1,7.55221983279761,347803.06699907314
2188.722606164185,5,4,27.23524332506267,17.847638957315617,6306.81732847539,0,1,9.962336628036038,540537.4752600399
1652.1636495946977,4,3,18.439687262018122,20.302997514831816,2950.284733029277,0,0,8.345791627049593,447345.0283022098
1772.4040443770186,3,2,27.429260221578232,13.47605221461661,4602.782278988988,0,1,6.647800908828373,454749.52518845315
1326.195670183223,3,2,6.069056523359134,10.76650858726617,4626.920703250342,0,1,8.243067109193461,372671.725971292
1649.4947224398554,2,1,20.388441208724366,14.802169358167713,3944.373025083379,1,1,9.55891041806316,441245.95556861936
2385.0200676145314,4,4,21.767867965837645,8.030628590704712,6603.2357678459575,1,0,9.997433475012002,599022.1929011662
2062.1948588944683,5,4,14.361961898015277,14.115807529398229,5830.912266895142,1,1,8.78033701689862,580397.2371276583
2579.540222434475,6,4,25.225500031489013,11.206522015121351,4844.444277751153,1,1,7.038511680486999,626376.6440074623
2329.835350039962,6,5,10.634798544266586,11.645603208601063,6538.50763527434,1,0,6.674960118916119,575441.3708694242
1997.5890055183092,4,3,26.117848493313414,16.945727590284793,3323.3866486701872,0,0,7.864104255342086,460203.5715650454
2584.7705367755066,4,3,26.622305258375505,11.476617549046905,5491.669487545067,0,1,9.51096174290657,615094.487277447
1997.5469214322345,4,3,0.0,4.018552003441894,6283.1515647997685,0,0,7.650653683321678,519309.2411272901
2172.5946795586765,4,3,34.28366844212141,11.010181304222353,5896.538789830508,0,0,7.681797807803216,533897.2821155305
1666.5430709093812,3,2,0.0,12.47288838856577,3861.902448826061,0,0,7.077096781475638,392327.8784186803
1829.945617136642,5,5,12.607411693326497,12.804537381067089,5065.063676271593,0,1,6.508163406053181,525050.1699367731
1486.1592795148754,3,2,32.30417641109306,13.133435570995477,3661.814207810271,0,1,6.756798240034123,320282.59126673586
2245.312770567684,5,4,16.192559296970714,19.275583314429873,5630.227529598322,1,1,7.203138977868295,599387.6463683754
1269.7633695983104,2,3,2.405768210365494,4.397758128760968,3674.810887417432,1,1,9.577149994359733,394194.15283017635
2152.0576540879474,5,4,6.875155259399953,13.22990319315395,4440.941747046583,1,1,6.640429332203797,554220.1611598678
1714.2070241226781,3,2,32.32286895584744,21.029507890327686,4327.0045301445225,0,0,7.078918113867071,359003.33468703646
2327.0611920602937,4,2,0.0,0.14228047856036774,5381.6526618404105,0,0,5.701933509390237,548303.2933271425
2137.891044929067,4,3,33.547893211544206,13.257526765460375,3310.8192591023503,1,0,8.074946599709733,536436.5460161959
2619.2907709410606,5,4,19.338774811492527,7.902350486188696,5101.662166910633,0,0,9.050018768077424,688022.811011816
2128.8486110123904,4,3,5.691256034690799,9.405027308688265,7325.205997498485,0,0,9.436746768935134,591788.0675884979
1092.5818849560417,4,4,13.002619132367707,5.666347477499046,2983.659746931747,0,1,7.305046787043565,342949.397097294
1769.8710721958096,3,2,7.793307906780305,10.813144990096891,3019.12929280126,0,0,7.861531424918853,442024.5454813646
1272.596763332333,2,1,30.394702410302344,24.88878930098833,2005.3419124771426,1,0,6.769674516744943,251755.18964509966
1566.7740709351765,1,1,28.78913371715406,3.1489874717595043,3811.493883105006,1,1,7.7920280195417835,373223.2913538468
2480.0527949745247,4,4,0.0,3.8127299826482073,8523.227002484866,0,0,7.470947728748822,597148.2892768955
2086.890214903963,4,3,15.156894577767991,2.8864580088554685,4983.379302813757,0,1,7.087396580877231,520056.67139338644
1485.4813071395643,2,2,9.641772051868674,24.091928006396707,4878.617310861765,1,1,7.206630538415694,368336.5219997797
1343.8271851018205,4,4,35.522119621512445,8.763622061350992,3643.3284450145215,1,1,7.6778834250904735,347800.65645481524
1814.7519417943174,3,2,3.798810582482947,11.82052657756628,5050.001464554171,1,1,6.558771347731653,458889.9111588403
1252.5479327784924,4,3,39.25074925622017,9.180519412256322,2127.537454326667,0,0,6.63625481188295,357194.3157840691
1497.9868751715385,3,2,19.60046312579675,5.38903985117836,4587.605407101012,1,1,9.56104302050733,476886.72615065955
1940.4042621980598,4,3,6.056787123438948,10.353945473698952,4461.068523891717,1,0,10.0,530041.9857755303
2319.890416248013,5,4,11.872709791888665,29.20770524015592,7001.09398750079,1,1,5.193449577198934,489719.67592326156
2073.942662500998,4,3,10.380573910778594,21.744496446819785,4171.731540151294,0,1,5.110793193435912,465510.89078825957
768.9197211308549,3,1,4.704579175813928,6.029435275454094,2003.98134377537,1,1,5.564270758287775,196764.50316084642
1936.965028063617,2,2,21.13792231676451,16.5330187214318,5251.50301709041,0,0,6.8450673774421675,447253.40894795425
1832.41510795466,2,1,5.265013391697881,6.179340591335365,4411.685984033462,0,1,8.343670766555885,457951.11796336627
1986.2506284177118,4,3,0.0,0.4345734719235459,5447.743457438725,1,1,7.886879413072408,609613.6968652114
2527.2943567430434,5,4,15.443882349821923,19.136576423652407,5914.27759698548,1,1,7.2580467051707025,569204.6030847584
871.5427754378658,2,1,0.0,20.120649926504854,1839.4469354402968,0,0,7.793403320436848,258233.16606870302
1534.0034586640024,3,2,10.974069583189756,19.322365757335294,5312.69888388012,0,1,5.961870765057446,355409.4992177296
2065.9078452570097,4,2,9.09076533675973,8.71094325546299,6464.993586695084,0,0,6.633815842371072,488708.9690858047
1088.2825202457261,3,2,9.54540713569023,10.832569861986096,2223.8848192300243,0,0,6.969858177436305,263307.6158911532
2464.177071624079,6,5,44.011557219081844,17.24835887560686,7000.891133665107,1,1,4.623675491692222,576434.9324945057
1965.7604757152963,4,3,20.676938806034848,14.74047226143675,4038.4439460556227,0,0,5.258034692916106,451556.6060314104
2180.962793629532,5,4,22.944452107943984,9.24453770092069,3902.1551060667566,1,0,5.317650908083511,568308.2261028324
1543.0753523151925,3,2,0.0,0.6664972591728482,4814.83590159608,0,1,8.146162335525661,472895.20589666965
2166.1936604847947,4,2,12.152442396356937,12.797126358994086,3200.6382676648336,1,1,7.368032422858625,518138.361174944
2280.8122001950674,5,4,22.583631559298144,19.553067474652792,6970.4210657926615,1,0,7.916591800110915,537958.311795669
1904.7951090617257,4,3,7.705653045043924,3.616881976760901,4473.157237690356,1,0,4.240517515296304,432706.51644497045
1905.4804017144131,4,4,30.896754122215825,16.471315671731837,4521.842260554509,1,0,4.774649970922595,467029.00833382166
1921.6544576767767,5,4,5.567640969187639,14.320791865935849,5276.576298828496,1,0,7.994823160384743,504205.2755175418
1411.4946308672784,1,1,16.563606369617894,17.251037842626335,4020.951978725993,1,1,2.831995537500924,308692.1733453744
1733.6120938918411,2,2,12.967380320293296,18.10382849803305,3474.495119696243,1,0,8.836944036399707,442946.7577256092
1731.3648603964386,3,2,21.97184791258299,7.138743306522529,5073.999090028998,0,1,4.265024284715815,396153.6169146455
1972.5272389590727,4,3,12.314119137734888,0.6812841988453773,5065.493982007802,1,0,8.265017337887468,536725.3616557658
2249.9209111096325,4,3,16.74927647514875,8.265363320219844,3929.187911390115,1,1,5.667123062864556,555977.1627785994
1323.658763109716,1,1,17.166438898664175,18.22389122268905,3174.2333984828538,0,1,8.573355572757373,318738.64822787023
1743.74593635619,3,1,11.187346911304388,8.205972675318202,5804.524643103448,1,1,10.0,486094.82773758995
2466.654996446538,4,4,25.821126421965353,7.141696732996507,8647.986052781758,0,0,3.5902335548183117,551043.9078946429
1465.3852970343462,5,4,22.860660498049103,0.7494523934724686,4294.1783721638785,1,0,8.043065721790972,454456.84276855673
1429.9874922193558,4,3,18.936632656961994,24.268532881856572,2553.662950833073,1,1,4.287755929609391,305609.51697680063
1891.0377863240371,3,2,14.834499998456502,17.779995489977168,5284.248180275378,1,0,7.640153383326256,470827.7879641069
2179.973335718394,4,4,29.558528366239962,17.389271868923352,6562.8457889869605,1,1,6.689841754672159,520911.95492858306
1805.1417250022967,3,1,17.169989074229825,18.774077707456314,5298.857769019279,0,1,7.194673483692765,425316.945195946
2398.032265696645,3,2,16.319632546088755,16.036958530803812,7124.488091063964,0,0,5.632470585507645,495222.73014431563
2185.557292154937,4,3,21.256280358657513,10.289698013743296,5940.252593479401,1,0,8.17081166424475,521265.922371553
2178.819030100528,4,4,40.35904019565021,10.853651271144589,5352.383546136474,0,0,4.827463243044429,511908.17128338426
2049.352425595842,4,4,3.915725503745552,9.007049447855126,4375.325421958863,1,0,8.86245589434811,598926.9661379654
2847.4438951557386,4,2,29.238282716664255,30.443185280905002,3876.05079455555,0,0,6.386124540084726,577239.6265400425
1707.67724001028,3,1,0.0,15.891384219096098,4617.192208889662,1,1,4.895963983895365,390191.4375883042
898.4149685700687,2,1,22.607277898743487,8.753396910539958,2346.329017234463,1,1,9.392405235011047,293981.7520202387
2521.9144626827133,5,4,38.90099393130477,15.25847741916396,7148.481305944228,1,0,6.89898602078627,622223.6544995805
1594.0352560694284,4,3,25.864022293607686,4.9239175750057775,2705.8330579882586,1,1,9.86145395566304,472651.1582899096
1848.546199954365,3,3,22.047500942477512,22.53154703012459,5336.7713898502125,0,0,8.832034193970014,422065.03074115166
2389.297808187237,5,4,13.274606374363094,7.372516329350019,8918.59657530765,0,0,5.802781442820347,623255.1860743681
1078.9832065234837,2,1,20.37256640586265,15.507598028357261,2748.2458405040716,0,1,6.872515298594877,263101.53423570684
1236.7587536522374,3,2,16.975246215159725,19.461843408201943,3046.1378101353243,1,1,7.181556909495361,373500.03252504906
1079.4249282965159,2,2,10.568280704823735,14.69337980943495,2898.6892283780467,1,0,9.289454799979659,292981.1503112755
1442.6386694885593,2,1,16.52149261430156,12.661289942737467,5365.753462489673,1,0,7.6562765700506725,379696.9037941501
1997.836472707647,4,3,22.380573927517275,12.075614593992107,3767.542681651365,0,1,7.264438931644689,536876.9125583867
2035.884529265747,4,4,10.793395177632316,11.60491232179025,5337.934834326079,1,0,6.700180619352539,515733.41761805135
1924.3233806978492,4,2,10.32461815178379,7.963110577507485,3887.528767179065,0,0,6.924164446218041,463559.1819958317
1164.255352248435,2,2,3.6770787488939085,8.85361599161207,2528.52647625172,0,0,8.956888128517488,310916.23587840825
760.4534535153102,3,2,24.688700313066754,22.357132615556544,1878.5069612544505,0,0,7.005558026196211,222766.9959929096
1824.459113425672,4,4,26.543879143604727,11.240243571203903,6036.029483699426,1,1,6.407504093052738,451712.68017549586
1587.7007848627488,3,2,22.77992533083821,6.499426114320588,5684.912476303237,0,1,6.153239251579469,390469.38425511477
2006.7235972724752,5,4,31.58204591274399,8.38591682196944,5556.387443114012,1,0,6.169352269245757,472761.7153276659
2115.8791317995715,6,5,21.05441164496873,19.702594764880562,4811.6004801441895,1,0,4.896856005935852,542367.8272861154
1862.2086444264069,5,4,24.704131248389082,16.72924643215135,7440.721530517177,1,0,5.8744370375102815,492059.3967728856
2142.059888419134,3,2,23.646049107650754,15.9223042476258,4805.641338305947,1,0,9.247630413475484,520016.78526221175
1903.1451183517809,3,2,18.901519766981504,10.19735160763146,4105.690079481983,0,0,6.690101109148755,409205.3599382364
2038.52911752066,5,4,13.630138062444232,16.013537291210614,2925.3589468129467,0,1,8.056617502834147,558687.3192911504
1482.897031708553,2,1,46.56983138950294,7.495072125345464,4949.398605687202,1,1,3.281865223148748,292980.3806558048
1719.1748637758437,2,1,14.576588241757898,10.182701780579578,5296.687250059498,1,1,7.852466963448819,409679.38608172955
1888.5492434956307,3,2,12.009467466554764,18.788631411742216,7461.059998430434,1,0,6.757970943446329,403510.9112433005
2169.2378139378384,5,4,25.208117881401286,18.11994375243345,3614.5705754558617,1,0,6.277839965664237,494939.08249602607
1622.8164724989426,3,3,23.022252983540064,5.126631078344378,5476.8473449038665,0,0,7.2714399361316975,380322.13038496353
2034.5252650794507,4,3,3.14250142867607,6.01131482963997,5171.928653155825,0,0,6.256262119281958,486943.0975638403
1680.3725436380794,3,3,33.47213905476487,12.760915069693867,5013.66056213419,0,0,3.8141876201674663,363989.306766218
1747.1060247023413,3,2,18.86966509579,24.08292662268657,2640.4602394016006,0,0,8.383371911757905,387695.1936662163
2173.283568910833,4,3,6.668826857411354,1.4089561512829594,7347.543784086176,1,1,7.364526342022289,594875.9531202225
903.1228330256298,4,3,34.26540937224649,13.94833057699353,2683.999824575025,1,0,6.529086317878222,248592.23991638696
1216.5874523663574,3,1,27.50810685915385,2.367696678987963,3013.066154860663,1,0,5.550721941891344,317934.512889846
1133.0165711507307,3,3,4.825496096625031,7.559683045321181,3271.0954471046084,1,1,4.7952137258392975,371992.28546277503
749.8727460682628,1,1,41.32619408309269,9.44900107355031,1530.2674270737152,0,1,7.335839060602086,184027.22418546298
1494.7810019301705,3,3,27.905568420394314,9.056441595941763,3217.270885814836,1,1,9.420161440338038,443683.2318900046
2137.245254877483,4,3,19.877646612499447,8.263428422385541,4748.816256372064,0,0,7.304749715111558,475929.15980162687
1671.8021701278415,1,1,39.08262566746136,12.05044942263459,2321.0687494215304,0,0,4.925857590860761,348564.144544901
1889.0055368738335,3,2,21.911573405955686,8.253211033585952,5699.233782383514,0,0,7.337675090557604,439466.42534488166
2290.1478735198566,3,3,19.663003098751616,1.7627983060209313,7362.725032771667,1,0,6.919985556629908,592068.2895649049
2397.458759520461,3,2,12.076398607736131,17.459087287659436,4984.780693627302,1,1,8.296065439111345,566446.2099170345
1768.8879293732373,3,2,26.982205271684943,17.270105170042164,4791.779090558782,1,1,7.91009976611759,452280.7703611346
2409.113650306229,6,6,25.71923560788776,17.90222017015868,5638.953816482719,1,1,2.5212661988351144,557611.503291104
1841.4569962953492,4,4,20.176161678676536,1.2148585261514278,4966.343921243798,0,1,7.8178633066426855,494071.25619437016
1423.1707992776421,4,4,10.520163753588765,14.092427068089055,3022.0372358044506,0,0,5.494780885743874,383980.5964423892
1532.5198415105692,3,1,21.559158249992887,16.731851990648465,3018.9796556600986,1,0,4.867406887826951,313428.41185598384
1133.7585693457427,3,2,19.162414570854345,4.781585520922905,3550.0757739380747,0,1,6.717289884439654,341187.772317364
1400.3397658198564,2,1,3.9983081751895853,12.064212737274904,3447.1851024200355,1,1,7.6164566635450175,366731.7978159965
1638.892490366507,4,4,2.3382517841097723,11.18613348282744,6085.642730470263,0,1,4.538898084569763,422190.5777432878
2161.6132587203706,5,4,26.781840545717234,24.895054609977848,5464.095687146859,0,1,8.056864625586327,503234.95185833354
2574.3464240246926,5,4,0.0,25.47147225908801,5005.43864513528,0,0,8.1450082712974,603270.8379141949
1178.018318080332,3,2,22.46492632353512,0.34950524668859373,3812.2610917866737,0,0,7.070464294449247,306921.2491441537
1976.7723607169635,4,2,14.263003306954106,29.457489040095926,5690.099899564154,1,1,5.698564554659427,442569.18498579896
1331.7552273791096,2,1,35.69895928255892,5.593419951926733,3910.1981099684153,1,0,5.530932993716062,312668.4892165715
2013.613689808441,3,1,14.078381490153491,18.86471306029198,6472.480120159301,1,1,8.53889819737034,480894.793851976
1741.011007190523,3,2,27.91381057102275,18.793485866046115,3670.6121981530837,1,0,4.733165970256143,365321.3728263181
976.0923783686113,2,1,15.2370339051465,5.030168412107352,2365.7043549078935,0,0,8.596705691228767,294874.57008847734
2217.733646205818,5,5,21.36497784183372,15.452874556873693,5316.196079558466,0,0,6.752201261304345,515945.21017174056
1527.749679236071,2,2,28.842038371040616,11.247263790137552,2636.211633441434,0,1,6.856248250535715,352448.47563357546
1559.7448927319003,3,2,14.449331404105038,15.880310032426735,3652.6821975394973,1,0,4.4378684418800125,323817.4992257618
1318.6114149196396,3,3,31.958658613980848,13.61470611666438,4353.827661991399,0,0,6.77992505480712,381045.47018948896
1505.5725254906001,4,3,8.075625474722202,20.37437639759173,3978.329150720932,0,1,7.920378274017064,425386.2552769672
1992.5506983127127,5,4,23.535114110700547,12.527796802022436,3372.119482520221,1,0,4.995384868222028,481645.062090247
1714.8400465786176,4,3,31.071676673454235,10.824881514015821,2686.2906789455365,1,0,7.747953800877768,471280.94753415417
1947.8979010271164,3,1,27.92044990148402,19.672449631400262,6815.433026877363,1,1,7.133518380518534,398289.00051733217
1962.8648342679796,5,4,42.997338520824925,16.062771754010225,4800.791680212538,0,1,6.0343665792515395,389214.24103602656
2394.2977449876753,4,3,10.838728192272074,17.122693760246214,5055.688685113155,1,1,8.282009629736956,580893.9818486241
1645.7462321110293,4,3,3.450208983816946,7.347893294189823,3843.813031452357,1,0,3.6966148465321655,370536.5628442935
1135.4139824194208,2,1,8.067978698058567,4.683160530210682,1832.1214276954322,0,1,7.520021123115564,314127.0671004184
2280.2500874573925,4,3,27.925310798581243,8.02594499723109,7647.632922123918,1,0,9.429152737109938,596590.1876979644
1650.8303225562354,2,1,25.975075211232543,7.65425030023588,3737.7575817484962,1,1,9.159914708650993,459843.3856106668
2301.5666000598194,4,4,21.22707991576899,17.5033948805704,7642.215911217661,0,0,7.584710080807784,511362.4217302237
1972.5197009321116,3,2,6.524515410714441,18.831888352058364,4992.429666930829,0,1,6.547478835803731,460173.2362062278
1740.988111408495,4,3,29.20240751994873,10.914087973273197,5845.749182082415,0,1,6.046296165178553,422794.8270063313
1956.9491523208328,5,4,5.303542668193515,22.016433131770466,5193.775730186754,1,0,6.545611309141536,497677.2007529521
2677.955652056835,5,4,33.907394988522796,21.579285756355908,8065.840669371934,0,0,7.815710871876859,589601.0172855384
2734.641238074189,6,5,54.28926107767838,13.703792414803775,8016.479993892802,1,1,5.789134291810876,664406.3511230517
1831.2215108097505,3,2,24.397413758858605,6.24675759919872,5262.884181834069,1,1,8.13613572707557,480103.8077175097
1872.0857669926838,3,3,26.99729762789292,23.027636546048782,5071.032327029586,0,1,10.0,507702.5409637235
2284.3080708598736,5,4,14.085682773253287,11.572878542801142,5391.628515072685,1,1,6.907175147308908,562366.4675351814
1419.4525352546939,3,2,0.0,12.883156375016823,5179.952515577468,1,1,4.983407795075042,384777.4584471288
1949.8816676782149,5,4,12.767367643637332,9.62276482075402,3813.6522886088287,1,0,4.982882880525381,483508.3001257374
1788.3617184207646,3,2,6.885257106815008,5.771467715919617,4475.526469649805,0,0,8.164848327567363,454185.74036634294
1941.2586951558992,5,4,2.635945083019813,1.7195239877929573,4870.485138698798,0,1,6.910380731559335,551797.6570161466
1424.9840373227673,3,2,40.66831930394779,16.430078264901017,3906.543082996519,1,0,8.31524634409608,350336.641948294
1084.694628010964,3,3,23.274350216309276,6.516192622723657,2432.2285668997574,0,1,6.199548626260976,235734.0421854467
867.1574538039187,1,1,24.556250967367802,33.41671860297777,2331.654397479351,0,0,8.245935321309748,98606.89776894057
1297.1771491546765,3,3,16.291731617645006,4.397484921712647,3111.531626888998,1,0,6.762551239825412,402126.43456753326
1593.5961217773001,3,2,17.925547010678763,3.1983226751304095,2471.394266468327,0,0,5.901243917014076,415454.234773446
1668.0637860080571,3,2,31.574608186872,15.570971009294087,4179.71975868732,1,1,6.398502281796423,441837.4571683222
2671.7540230932827,6,5,19.611954575657414,22.705194352771066,4915.121144013023,0,0,5.204418466865145,583835.0005920281
2297.697016458284,5,5,26.368327256296794,12.452127598602551,3353.1867460857707,0,0,9.984039337872417,560239.5452406361
1367.0589976462677,3,2,17.64794842585981,16.00569694131092,3529.9158368673575,0,1,6.855427279662269,328620.97956696566
1956.4688036029306,5,4,15.894165311215435,0.9048319222109669,5463.88913208262,0,0,7.966771133023294,536512.060948111
1616.8147936423538,4,3,3.1170300127776542,7.257419180157632,4552.98089586017,0,1,6.194696300693801,406505.19933529187
1672.0362728819573,3,3,0.0,4.484689896037031,4749.088679236714,0,1,5.422108267030265,469445.4970074912
1883.396542236922,4,4,16.86125718720318,1.2653209496351678,2524.5924678295546,0,0,6.649179233623097,538085.3766604086
2078.627002638927,4,3,20.67796030391879,12.818861638167208,3499.139584159031,1,1,8.651788800068797,549516.7558403745
1647.333682252193,3,2,4.566439559494508,3.6997933512730334,6068.963206936424,1,0,6.218902312902575,436652.47108449234
2278.733189730461,4,3,19.586301619584404,2.744628237387859,4265.047359427737,0,0,5.694202040905877,496773.4736660734
1286.1277982359181,4,3,20.645030755886026,8.239643441906074,3686.6912738585884,0,1,7.233196366553715,405977.97293176985
1802.8525780630207,4,4,0.0,6.180999148342466,3764.063087844301,0,0,7.748533901076616,492025.8866170667
2968.9531769681244,6,5,9.018504086245986,14.774859515449474,7564.309721840024,0,0,9.464272253279775,730846.4869667706
1900.3858841813737,5,4,24.887166724825622,14.13906134331736,4028.9083021938695,1,0,7.530625717558742,504813.6973221211
2444.946527972778,3,2,24.644704752748925,18.2565912215482,6936.12917771262,1,1,7.965989017796852,550040.3252059881
1841.1840801779438,2,1,6.155901003202873,17.266686128988745,4754.055996875197,0,0,8.078912855380482,426893.0633296502
2061.3496928984086,5,4,21.90137660599682,19.985689525529665,4598.925039907399,1,0,5.270476927101054,441186.20607748826
1774.4475625232888,4,3,32.268886704325666,11.986571199936622,3318.033691509811,1,1,5.555001894295684,454485.1393821123
1723.316588476108,4,3,29.32487550789078,14.124268305716688,4585.167301093104,0,0,5.374155565591525,385236.7440555769
1449.2329214735612,2,2,18.856570555832786,15.58059591343434,2568.5750988464624,1,0,5.001781366462532,348575.16472797876
1993.635611530899,4,3,14.384284240108492,12.99159688173718,5495.4338861231145,0,0,8.193189812305604,492527.6165584279
1416.8082648664044,4,3,12.447866187985948,9.219639830580483,5774.755978168231,1,1,7.435075137495633,418647.3550957111
2099.513356341043,5,4,25.613837394915883,9.672902259621608,6949.6034244263665,1,1,7.119244094637175,519980.8375521464
2288.3791520006594,5,5,22.341247677714655,6.277091211690242,6707.259276953046,0,1,3.110925226896597,543747.9166352149
1964.9391332567534,4,3,27.552848073226404,14.951317809368808,4811.419955487518,1,0,10.0,497235.2189750084
1671.1880698999387,3,2,21.582485757453824,11.341893781403911,2233.9580183085723,1,1,5.658591993769667,386621.793712079
2004.2845106889133,2,1,29.825167404169303,7.357783745542646,3420.5683915238387,0,1,10.0,491712.987880475
1661.0971250041143,4,3,21.1351103954924,7.364286264727851,5431.248927659106,0,1,4.826137779023026,407806.4615873931
2220.9962064593174,5,4,29.416264593580237,3.52720890552048,4500.063361357104,1,0,5.781398262165195,505190.57950332947
975.8672621031943,1,1,30.44987324439967,18.851889388660396,2030.2418169248285,0,1,3.6957259262355553,160971.04072384286
1648.976684346609,3,1,10.345680437302239,12.550323686722512,3958.549447574197,0,0,7.543187463914046,418426.9788233599
904.134602194201,1,1,0.0,5.960399862987109,1684.196842433061,1,1,5.348114768783152,245962.05398078967
1127.2226263977577,1,1,38.52191427217464,17.65983424721413,1988.351681028025,0,1,5.390499768852468,209473.13496783923
2413.7380034162593,5,3,23.07990476854714,8.07685833143939,5961.2462959448185,1,0,4.941228674238404,563948.2825621794
2202.8332418872587,3,3,0.0,2.1544956109143705,4328.748673394238,1,0,8.166032594106795,574826.7465354122
1476.2338950218443,3,2,11.434166033375467,19.14855602453393,3034.2346909682788,1,1,8.067195477351321,365747.8649626026
1123.8734447815964,3,3,29.26249150843794,8.240321073037208,2282.907702201008,1,0,9.718050836618179,359257.20951171214
465.96202297125706,1,1,16.643878026405282,9.137706368538474,1310.9450706029472,1,1,5.97144006839054,186833.67487105777
1555.4270214303144,1,1,13.855262968170475,12.288260142444242,3671.9348107569967,1,1,7.3282290565702,352952.3067885755
2889.1867555113313,5,5,36.8105823237556,19.998124559530805,6913.410230051618,1,0,5.065997203897073,614279.315259021
1995.6979221586414,5,4,7.432554243394275,12.140261036064182,5704.039017536882,0,1,6.4974414658970225,476755.61892624595
1548.1924712777297,1,1,10.422159706941994,3.6061801169833885,3738.5383869406387,1,1,6.2217320300782335,409775.099142687
2009.2860942751379,4,4,22.53663770057921,15.807139028785262,4687.7603791034535,0,0,7.696674936243131,482195.1899451455
1097.5687411525007,1,1,24.68545918464659,8.60507193016793,3053.732815603991,1,0,8.525532709627287,281375.83290523395
1666.204486786064,4,3,25.95611641208878,25.215467800706264,4833.523763963059,0,0,8.48660003624725,402631.29563778045
1844.7648628570823,3,3,30.93485653482736,11.992161946014768,4449.122542652165,0,0,5.735781591673584,376622.85947748146
1761.2547066805282,4,3,22.382943448178203,3.6452484852906633,4488.319261225336,0,1,8.4977018569345,458066.0131282236
2155.862754760536,5,4,25.87260726726091,14.501554805089718,4378.397423910681,1,1,6.933872294338304,502415.2563429631
1955.0903518062237,5,5,16.889488888219002,25.6121845458216,3878.0980113230494,0,1,6.513104656154478,438789.6071350654
2100.746708148599,4,4,20.75237963884057,23.031442019817725,6221.3372200739905,0,0,5.937232769771622,495798.11360489967
1490.2324729961583,3,2,21.290410160643614,24.81668002129596,4123.421448613926,1,1,6.160096308457672,326696.2151744938
2204.0169337847465,3,2,22.58117762982843,4.861678702329756,6112.133615379397,1,1,9.61347076929435,591019.4626737742
2533.021626430796,6,4,29.27047769099313,18.38506677183745,6759.400149596321,1,1,7.461116149741035,599112.4780842024
1363.4327161568644,2,1,26.661748183337973,6.946038221843018,3446.378825095997,0,0,7.261917771251808,347887.3113523624
1400.536954928448,2,1,20.5306040348022,13.570025795918472,4086.5527406904507,1,1,6.60662971219458,318635.4061491482
2401.102951344105,5,4,10.290488180707522,3.089332998821872,7349.9328219119825,1,1,10.0,680289.6205164746
1713.8952059872229,2,1,20.812055096752516,7.488809645820986,5221.787600762587,0,0,8.957515733269638,427247.3184219293
2431.7196264299505,5,5,19.663786581251074,7.266273118454693,5932.260884404938,1,1,5.918406827801811,667080.0872580435
1600.8589296485172,4,3,22.31817895775838,18.289886960998313,5334.375142340576,0,0,6.5895774179430635,397600.22971232
2454.77050932182,5,4,46.47830368568482,17.605033851687587,6473.417399738186,0,1,6.678633184943634,533575.0476948167
1859.1686175624534,2,1,13.714726657505175,13.937738105315745,5353.337926933312,1,1,7.218807967423899,461657.0697630295
1916.2029704952129,4,3,25.067468229504314,2.5470500736123007,5114.8300188531475,0,1,5.948161011052847,528793.9765875603
2504.123109751457,6,6,32.82154480693158,9.81852396235196,6631.428897063485,0,1,7.658224785042545,592942.8154092503
1637.203285150123,2,2,21.176022969192594,6.777184619400918,3370.262867579169,0,0,9.178132198058972,399181.5922274471
1376.4950568337688,2,1,48.05414143006598,18.087730296861437,4020.4812193371454,1,1,5.029557836493755,273254.98662968184
1598.1461063872405,4,4,15.46352849922228,20.247293969720292,6723.68296121635,0,0,5.307779894361899,364384.0669491752
2003.5502777894123,4,2,23.889070667840564,19.39469910221618,4558.323228747666,0,1,6.27526216705404,437235.14586267027
1095.4084175187686,3,2,10.414331061284216,6.713464064080856,2785.181969122424,1,0,6.344806659838255,285754.7098572507
2086.861906193005,6,5,15.781703178280482,7.176731856026354,4658.453504377064,1,0,9.997698812118896,645826.212399717
1557.5529070720156,3,2,22.987206924759896,0.36873328691038054,3437.8121778479654,0,1,8.502563830022257,396714.2725467717
2316.5156973301036,5,4,30.15564874769276,21.95138884657546,7937.934119202375,1,0,8.416483528177396,561625.9449964411
722.5828627947878,4,3,23.82913800828289,9.191215424761232,1514.6907622465096,0,1,6.603451459729899,271768.0623550893
1446.0454012031241,3,3,35.109378192016834,6.744927672144213,3203.788370020834,1,1,6.570529889819779,380925.24904300837
1041.089331944654,1,1,18.86041627288794,23.498622054053637,1611.0902238664235,1,0,4.822441879351902,176705.26733051534
1428.1967401362213,3,2,16.013977641931938,20.85611961841829,2921.280693172422,1,0,8.172610342071726,332048.1626188619
1911.4496554990244,4,2,52.44782128735264,12.171141053438507,2819.3119066434133,0,1,7.7365819072131785,432073.8474830614
1719.3480185476103,3,2,24.730851793304367,9.946178362552182,4950.145340988484,1,1,8.928996047017426,445204.55727951817
1685.9800939733932,3,2,11.366221448257429,11.075291510308123,7047.090506035672,1,0,6.683755429965749,433901.48420139594
1728.3668078789726,5,4,11.668834853023174,13.590139588712262,3940.6637460382326,0,1,6.787331280699405,420606.00490418496
1891.5247082789745,4,2,8.687841025623914,23.200330969237257,2837.1834829148215,0,1,7.255068292840954,460311.13389423746
1346.1587811256015,2,2,31.238832270281456,14.957271969660587,4092.322423583312,1,0,8.337846363260644,348324.4131751104
2118.082338404573,5,4,15.627472485281098,17.08220323127399,4371.393695898172,0,1,4.794676566853782,489383.79579188774
2098.1996866734676,4,3,21.528349707877826,20.1848907634912,6881.272810224211,1,1,8.104084200607563,558139.6860539952
1973.2670719452453,4,4,19.237895906740775,3.8122679928290673,4599.256499861532,0,0,6.969256656740754,488847.96643377375
2050.4400492380682,5,4,28.777908895291215,17.2840332473183,4348.8000075158025,1,1,5.4120440980694555,469209.16401930293
1933.3881003638967,3,2,9.83907088539176,9.93801871736872,4627.033638520609,1,1,3.8730913710189006,425504.15709119075
2715.7829862289805,6,5,7.093132566283813,5.612666370409361,8024.231806398572,0,1,6.79528943218247,683155.8449889823
1760.8076230263705,5,5,22.69156768617913,2.8971867939006835,4161.752669405111,0,0,9.171569474911106,510468.2767532261
1661.8125517494404,4,4,27.211511416398764,4.873176719369201,3659.253371853647,0,0,9.512027000112091,448988.2684338295
1460.91258883918,3,2,23.99038775717169,15.71856260014807,3477.996116987405,1,0,7.533064316005144,318520.4886707005
1335.4817982399734,2,1,10.28655525083207,12.796596957382075,2319.580826261088,1,1,9.943008495763372,375456.5472500936
1239.9876955795162,2,2,28.129818105096724,13.290566950229648,3395.3578199092435,0,1,6.935588375564882,311430.3947019894
1400.0412090460868,3,2,11.07366887485239,25.656604378806843,1999.2085062063622,1,0,8.429955327464171,358107.48207319307
1768.193828256568,3,3,13.7415362625634,3.1163726959813136,3949.308881878159,1,1,6.323153666640359,496161.43049852253
1950.4328078239714,5,4,8.672557703335974,11.807966520713935,5764.759914607772,0,1,6.228101741073777,547837.701494236
1823.0139263484728,2,1,35.61390018382437,14.13104865969671,4889.011559956583,1,0,5.983736324679046,407051.54602412484
1455.5091251566291,4,3,27.60105849232819,6.846088184231651,4154.303001341202,0,0,3.9092065793135315,370793.03825322975
2205.0830538089835,4,3,27.25992050814648,12.198287215580587,5426.6489681409475,1,0,8.930638389920368,574171.6427462689
2132.7357025354263,5,4,34.9665370537094,0.8003546614095853,6828.694922193932,0,1,6.037551341292976,578190.4403166223
1728.1582616600924,3,1,53.751790978864676,21.869343520925195,5279.211588019132,0,0,5.797841830367205,372719.2063891354
1506.1877349008796,4,3,0.0,7.228698132286963,4168.652602432724,0,1,5.230042477580987,422929.767665693
2046.7925643734097,5,5,11.139481029474702,26.21980115344952,6256.077691006313,0,1,6.693460845195576,511960.2401197629
1884.588114368747,5,4,12.605898989905715,11.772679732577815,5560.013872744665,0,1,9.645238465839615,529441.9785882258
1148.3427332632286,1,1,9.790164531407687,19.196374957794283,2568.063993906334,1,0,10.0,318630.83729527553
1769.4088848070178,4,4,7.069001028755448,11.626879917061919,2996.778207240068,0,1,4.508699686296875,414980.13807404105
1917.9161154334715,4,3,16.404163231335612,11.784793174176292,5278.5218658665435,1,0,6.468328006035576,492123.857277639
1395.1373460805107,2,1,5.40075541652714,7.911794667445945,3944.965053336461,0,0,5.448463344859452,307293.25826398685
1885.4295267768493,4,4,24.020508410448958,12.833867505563944,5947.1786710716,0,0,8.48250661181728,478481.8741497694
1145.3298816339948,3,2,20.620379857143377,14.225990860898332,2219.8866630135767,1,1,7.42989032094089,265410.1742746891
2401.2837450054767,5,4,25.772343977163864,6.5101904375937405,4697.250461347483,0,1,6.045146008930248,615693.5354096121
2361.5774932767445,5,3,26.09274141965903,11.12468908898081,6555.597804030508,0,0,7.108859620886529,550802.4267348916
1686.367199563666,4,3,27.236082241120116,7.729307937600204,4143.9097934930305,1,0,6.283872067888437,441035.62596817117
1963.554452027583,5,5,15.519092758113413,28.09764848730387,2687.2087665291715,0,1,9.421369141562344,539266.7042116097
715.5351153900563,2,1,45.45372083160401,11.37188461061867,1949.8796264165048,1,1,7.820439272524057,223885.4374834354
1279.6435528806,1,1,22.81317339778517,22.816625061875914,1776.8442579771581,0,0,8.004735131374657,308691.44720481156
1667.7994859315415,3,2,0.0,10.630643684346182,3223.599680056151,1,0,2.9996237829506534,340787.29202752386
1317.5401403579133,3,3,7.97149105080539,13.815013490744356,4362.387030325153,0,1,6.899816981756784,415055.7102089835
2121.4784171837964,3,2,0.0,2.750451498483116,7626.560913109107,0,1,10.0,608870.5871170227
2698.7834388365973,5,4,20.208015549815688,8.870491856924946,4778.482632362471,1,0,8.989193605055027,683159.544927233
1270.5233762568141,4,3,18.538337311359996,13.473742695524727,2925.208651707636,1,1,4.229365621119545,359867.04190554016
1423.1414681616634,2,2,14.378891625206506,23.102026816719068,3594.248398446749,1,1,6.529861250974609,306465.8498654457
1905.9517657394686,4,2,44.13111334880617,13.553879443733898,6801.838979032738,0,0,5.197720801121918,395377.28179973515
2525.0022668248293,4,3,26.58779448892293,21.686042528350995,5565.808540759564,0,1,9.566652340544305,627601.5276030583
1249.9315593570436,2,2,28.713180337356015,16.48510377142044,2767.1854640671418,1,1,7.366417423413862,271947.00496960565
1912.066255038124,5,5,8.827118144694762,23.3918093762528,6556.925164786457,0,0,5.848306660402846,471211.82382241805
2619.584482865899,5,4,8.010261304027853,11.586704478864611,5959.886097880424,0,0,7.051236915311184,636876.0228398239
1056.7083833193296,2,1,20.441665989163457,28.731558974562628,3099.6649184857656,0,0,3.0889517063972742,210393.1191184678
1223.5188569193756,1,1,22.07608567582671,8.602226579601139,1974.4097789899265,1,0,5.372558044815135,238007.06309721846
1609.3770270926227,5,5,0.0,6.634767160616317,3858.095740954625,0,1,7.054665588739464,514147.5550863708
1565.735214215065,4,3,17.83631572580559,3.5296300521767616,2355.24450883708,0,1,8.268513052679983,430273.0068202879
2165.67057948914,4,3,20.168864994482057,28.317172700906493,4042.7433159139973,0,1,4.088028819103989,418393.4478515427
1908.746873919377,4,4,17.418210010746453,17.736133008325282,5732.960962739915,0,1,6.428267038446356,429132.11212298373
1001.2670731610423,1,1,10.239315051839883,9.66115486633784,2473.1865079815957,0,0,8.514528607778233,248820.1564205952
2031.9346813053648,5,5,13.52557781694632,20.743158878114464,4690.795490523479,0,1,4.822820013440092,481168.662676096
1540.1075006899573,3,2,17.877689677126448,16.813845295824475,3158.3758045058153,0,0,7.343774252176259,336678.3776538663
2373.5012476235574,5,4,21.08960028332057,25.762892299629133,5619.516639978554,0,0,7.098961754659006,550388.1616667787
1517.5856086033862,3,2,27.257498990606816,1.1651701708206197,4068.143026880265,1,0,9.571570480534904,428326.268959382
1513.523122603994,3,2,32.970274459410454,10.142479241800219,4676.407650147232,1,1,6.654795710332544,353893.9922004029
2043.5092248620392,5,4,16.467827317673002,8.762350312400223,1890.0661828144127,0,1,6.742599102437395,501187.0203468218
2143.3169170516217,4,3,14.526125646615705,1.81577873486021,4288.6556151825325,0,0,8.282439629747033,559092.5552174436
2001.6447137712917,5,5,25.251868082411676,19.42229043345786,5195.18427572333,0,1,5.010476997925983,455525.801074831
1041.4812071768363,2,1,27.330138996930252,10.10722410937649,2541.9245715274915,0,1,6.668675190173712,262049.98315751643
2042.115497967713,4,3,14.789594800893372,17.177418434905935,5599.533270744768,0,0,6.316412483739234,484863.7805197101
1334.5613767465204,2,1,29.484721723594067,28.518403540307283,3550.632801419228,1,1,6.791632280942349,315472.3074242942
1905.8742502147186,6,6,31.755024093871675,9.527294157206743,4416.061739658523,0,1,8.272609673444258,523509.5213099833
1159.319504070423,1,1,35.50023758790408,9.051929121399914,2531.824048642194,1,0,7.831242227623259,265062.48460228066
2000.8449663943786,5,4,41.33985088063787,12.830649188067973,4707.386163998188,0,1,5.8769765372069855,468847.34121723333
1437.0304930616824,4,3,9.603006336086732,18.910731470883867,4583.042903874173,0,1,7.205048804990819,391356.1496036676
1222.8144073827652,2,2,20.166778511990135,8.03300882282895,2519.9701104515625,0,1,9.235662421150787,315529.50458723545
2121.21906141708,6,4,20.13533235942392,7.5832688200750855,5223.111562551838,0,0,5.7529514518040425,501192.40124802495
1908.740034754538,5,4,18.82311717760991,19.40032489168956,4981.821661237937,0,0,7.217750170595519,448286.0271410422
1523.7104393731963,4,5,12.208844964678367,14.650475266866248,5235.789898994222,0,1,6.710258984592057,408508.2700001278
2453.030482059479,5,4,2.1732559612271416,2.313097841033745,5690.577018267977,0,0,6.905492476244834,600097.9754078261
1601.7064102936158,3,2,21.112153352348045,3.4222574037162428,4925.702086033004,1,0,4.554013566625899,404269.8749500073
1814.4484532869205,3,2,10.77973208542505,22.508651046790472,5877.339006858639,1,0,9.116144281468307,417430.7400172413
1921.0110514553703,4,3,21.0319217689715,14.813497981551688,4729.044040063756,0,1,5.838472148667725,407062.7127019639
1521.1503296421238,4,4,10.471477499613759,6.664628482739257,3610.554677414628,1,0,8.5391079552303,449876.6221197148
2012.0113320299681,4,4,6.804099849867903,10.807132399355126,4632.79249987067,0,1,6.067935087928733,492596.46899200464
1559.946443775874,2,1,22.811580324522772,12.092656709611692,3660.4238763412964,0,0,6.06174302215636,301023.08384941844
1614.762755002706,4,3,21.81105832167795,17.150133521961145,4864.543713925669,0,0,8.8196848756982,404867.17191961623
2413.1891879115037,6,6,26.951383655851195,2.4921562359884746,6367.455437426373,0,0,8.490826905216887,632757.0638306983
1331.736276369405,3,2,46.2303651970115,6.113356029306794,3517.3469956182657,1,1,7.312998848445974,345970.84034594113
714.2488510817295,2,1,23.327474374530162,13.910690284043723,1303.4083680049553,1,0,8.14172582470948,227149.24246989537
2524.9216477553523,5,3,25.820981204769556,11.301157936531848,4846.602135176443,1,0,6.5671708296154,574576.1620956903
2947.1975786731514,5,3,7.0692640535920965,16.00301427845697,11158.2907218813,1,1,6.987448558421665,741396.8552422015
1617.6288305478006,3,2,4.557110713563507,3.393448218482815,3871.4784643454673,1,1,6.007563411304272,445876.9728672211
928.4228817209166,1,1,38.993953361280006,14.499900733899247,1889.4675750153756,0,0,8.35609742395039,200891.84089213464
1660.2822107118254,4,3,8.918242640800356,19.641085335642305,5576.322618615031,0,0,5.959880003248971,394720.31262418506
1671.1996725716988,3,2,7.472671142376296,15.407729830044984,4460.574194001962,0,1,9.22773451740678,445701.6902780235
1714.5342715399843,3,1,19.530812945401365,12.973782178331144,4881.095530384105,1,0,6.526248747520263,436404.17299598345
1298.9753811351684,1,1,18.91769103947134,11.328814782038204,3139.846601500866,0,0,7.030762846024501,282043.09182034904
2060.802514114415,3,2,9.1699219226805,6.156041930599487,4757.972901541264,1,0,8.138092030981502,545954.3281607998
2036.0283188787387,5,4,16.340321375442798,11.49600985292148,4882.901203056606,1,1,7.035796631784373,537259.1003425854
1127.5174710813121,2,2,34.752508611801254,20.81794097016284,1883.3568107376555,0,0,6.553137528572035,275147.31579686765
2114.6385292626996,5,4,10.328076694018428,11.166800453799123,5175.035510514206,0,0,6.9549648282872925,560398.2297226186
2723.708241875651,4,4,3.2759301876059403,5.771372074561129,7293.055243774399,1,0,8.340727530336377,694840.2811111942
1877.382149596677,5,4,31.311123450797506,8.554270378642297,6777.871360213616,0,1,6.005721666794942,466174.78879171563
1648.2036770691723,3,2,25.90756294325644,13.405952080931511,4205.555577772595,0,1,6.810644489090103,402520.4389226647
1736.0985535166153,4,3,12.55377655221606,9.385402019734071,1908.8295518117372,0,1,7.015430091006213,440593.4945941032
2076.8655451358527,6,5,1.0139958064769843,15.397122981441985,5075.046798582594,1,0,8.296877793291484,619095.800978939
1021.1977775217518,3,2,11.064519722737241,15.659906325243213,4231.5397631494925,0,0,6.850231939192845,277211.7100894899
1873.975816339786,4,3,19.343546757808745,18.222882262832538,5659.069164322655,1,0,9.712448641740583,489588.61274230876
1624.2912227417355,3,2,33.98806507860583,21.96491630585523,3270.456180426375,0,1,6.765192133427357,342364.17532483186
2631.5212558302205,5,4,7.561016301564116,18.971011070606526,7512.108753885785,1,1,6.64347454239208,603072.3574262697
1721.622269787769,4,4,18.985761421862318,5.460326550964281,3537.57557240642,1,0,6.743451817573402,476411.991606393
2550.5494250037837,5,4,28.101735918738775,5.6752588739660945,4304.6017681818375,0,1,5.025037857012984,562640.4774210675
1303.3166859980968,2,1,0.0,11.46959966478123,2985.870352599143,1,1,5.444909729861973,357727.925702966
2064.2666250612565,5,4,32.4054340152668,8.8417724993241,5274.027546952028,0,1,6.20399966539136,471604.5594307217
1943.730118706053,4,3,5.810593133522751,4.0317129112734005,2675.9462745764995,0,0,8.703744773275194,522497.2107044763
1408.9287384608479,5,4,23.983945921483215,8.90815744078904,2550.871716446622,1,1,6.9503109109569845,444432.43969306326
1879.828251586623,4,3,22.96019779532893,8.678409464666727,4711.228079166307,0,0,6.273033715576441,395430.0497041516
2345.6334765742204,6,5,33.01503669756614,7.297065821671559,5289.628891931964,1,0,8.839802118409892,676157.6188754111
1654.2937330710297,4,3,26.611092570722484,9.789473596914961,4527.614619639246,1,0,9.326765699338392,455400.4730574561
1038.6168078736064,3,1,0.0,20.249155952228318,1839.5970552433814,0,1,8.883073691361641,306977.4013885078
1792.0967280851494,3,2,10.582649034128103,13.394666288744675,5248.098367570668,0,1,5.720365004147263,430085.8562440157
1393.9096073433693,2,1,21.65846155223936,29.302663532388287,2494.7421114550325,1,0,6.257127069709516,301663.0989070946
1645.946577601253,4,3,17.660241366562555,13.193557302137545,5737.178185312588,0,0,9.720604105472079,461871.36683661875
1763.2855036416956,4,4,25.731328757081243,9.969539582439237,2592.99073274578,0,1,7.361709538000033,476541.50418386946
1032.4565027930173,2,2,29.472398668036465,12.028930178584062,1904.3324003155626,0,1,6.598559402655882,271165.0578856527
1072.9537473056948,1,1,27.30142083715615,13.79544384910478,2951.0761085416298,0,0,8.077521941996256,301894.3382640264
2016.9300759864864,3,3,17.428700689346417,15.046777700197445,7056.3104490076375,1,0,8.510948601037168,521622.8121623619
1564.776586723644,2,2,0.0,26.536979281013167,4207.724646844059,0,0,6.142825643607603,382383.2861683276
645.8650461807449,1,1,14.534225013742192,6.0827567451570195,1832.7807694189412,1,0,7.329159937929897,238156.34538236406
2153.1798164736606,4,2,24.99641777766746,18.01332240724415,5405.605602819699,1,1,8.389840103825588,481802.0923987243
1922.5663898734078,5,4,6.914632969394269,13.454254183298866,3622.4244723835836,1,0,5.25956928106022,544733.668536819
1478.7563291835822,3,2,27.575296761458915,1.0023158020056773,3262.013712178214,1,1,7.01851818613921,393238.1473689981
1207.4264050237912,1,1,30.900719567207652,17.394891474663343,2140.5909347132483,1,1,5.328415520423927,291898.1972182115
2176.1135533414517,4,3,21.522403715550112,20.873364925627335,3770.713028350393,0,1,5.524629254609783,470473.58802935085
1957.2077801521932,4,4,0.0,5.999765173557992,5364.803116716689,0,1,6.155349883779544,534928.918942512
2872.171027207833,7,6,4.662939647458359,11.937462924756206,5244.852012889101,1,0,7.715679306819205,720250.651282481
1989.0848694262218,3,3,42.63426990267298,0.07747983405392489,5354.084197408332,0,0,6.516966057042798,480449.481961285
1974.4664135679068,4,3,13.441546483659463,3.188354782209645,3393.922853512311,1,1,6.027372812547391,503258.33669395
1724.8824314511457,5,4,0.0,19.33620704332077,4618.941597255758,0,1,7.077331844987439,496686.9564714316
2167.549140240356,5,5,34.82296865972327,8.73508445794796,4783.32676127722,1,1,5.279555907600356,542442.1329133178
2081.288340561669,5,4,20.160267098524074,4.238379175433725,6959.764357308182,1,0,7.643204826750865,586814.9936936302
2363.2762538543375,5,4,33.25928586749271,13.606222551209008,6367.212941943418,0,1,8.697080142937466,531329.7328364988
1565.4046866132219,3,2,23.323504102632384,8.343112979982838,5074.211915930739,1,0,6.881193938517983,399011.18491816014
1604.066637175217,4,3,25.502709634546026,8.704248395571248,3282.9019805528505,0,0,6.696026510049688,410252.6046918967
1584.403573089609,3,2,24.3561109725742,17.175282179724324,4014.381158056849,0,1,7.560160529823354,386722.0216956846
2155.8607745305453,5,4,28.369859743052,3.8678664874595743,4120.599543979244,1,0,3.9572958717526827,531798.2080755808
2474.2684981335296,4,2,47.32916538267318,5.662443511227174,5571.648991662592,1,0,7.805226184896801,566570.6868249564
1593.5217780828148,3,2,31.652076031510255,13.07855994504208,3733.2031729644154,1,0,10.0,431681.39385564387
1608.851822493109,3,2,1.0359281858535816,18.785868535237437,3321.4505634983075,0,0,6.81598566832792,409099.3792163744
1941.3347507414096,3,3,25.35993818334684,20.66712211042895,3437.518113151917,0,1,6.821312449425504,374292.0359576097
1689.4073249941944,3,2,33.697769217238616,7.344567957468639,2790.7144001344977,0,1,8.115410500149526,436256.91937163495
2228.4241439129505,4,3,34.43240967843375,18.561638768437536,2442.689644752059,1,1,9.467999002296942,539135.6302962803
786.7002192214289,1,1,14.880740203290806,6.511003945707138,1468.1337514064016,0,0,8.462451766651203,214934.74355687044
1427.9827288873973,3,2,33.97933334225753,24.783465428347597,4107.587090376282,1,1,3.7665896821246743,294839.60493592743
1447.9126497173493,2,1,31.132908794614462,4.063602822061901,2231.0898772593855,1,1,7.84509825649412,411726.9034497073
755.8397944262349,2,2,50.870209243636765,21.299351675542116,1269.1504715484273,0,0,10.0,230944.3155162416
1366.3627000340382,2,1,10.999979165017862,7.404597252268933,4884.1169544512395,1,1,7.933661570139198,380696.4095698128
1388.1797478693334,3,3,13.911193083194897,26.0927251835622,2940.3068140744276,0,1,5.268097130092375,325605.60793566867
1709.5029054665263,2,1,16.326571418480555,16.13924510196739,4603.054714939748,0,1,7.422744436627921,414599.6728457666
2300.8346512471185,4,4,14.117334199534696,4.887884294142446,6638.8059567729015,0,1,5.0789691229884,545172.7717284966
1689.722706964184,3,2,9.319751002836764,8.344330643202452,4895.998034679577,1,1,8.84920553390329,458001.13014441385
1336.1338258779808,4,2,0.0,17.46826843656619,2119.9252424164474,1,1,5.566176117958111,336968.1363497356
1774.3704564539119,4,3,14.783606315322391,19.36851092330893,4189.9348593199675,1,1,7.111365452038035,471130.35772310983
2272.1281296486072,4,4,24.432296716398852,11.504990857928762,3474.2285045791996,1,1,5.713329997012228,534952.8125549878
1360.818532748293,3,2,14.081337853929071,12.312607966744265,5399.443139509707,1,0,6.180327913678013,326793.8921128775
1390.241302235348,1,1,43.22457420234932,17.30847122850846,2145.2463772195747,1,1,9.229225968790743,292300.8548887022
2051.3470316734006,4,3,20.16050975259035,12.92258898907574,3838.6772255955348,1,1,7.155185747340546,531952.1330990143
1700.3087479211397,5,4,35.49234866220962,2.945465984631369,3189.1662278541135,0,0,6.16119628941142,420784.47330089536
2091.3681108192636,4,3,23.13704495275962,6.309181827518735,3350.3794808030857,0,1,5.282158043669916,493049.38627630816
1793.8589436921166,4,3,29.916887718719096,13.645839602061656,5940.464968550451,1,1,4.192447770400845,445810.98336456344
2115.7486416403053,5,4,23.350898647202747,20.508376915483858,8364.546117797852,1,1,5.12307904971597,468907.6179691734
1334.2148486817116,3,3,36.42541558284275,23.31187696913433,2954.686198163794,1,1,7.167938862166567,326160.377344331
1794.5619071452797,2,1,20.67127220158881,17.456705945400152,3064.6561194792735,1,0,8.470350653083996,416680.796939372
1705.1894935365794,2,1,25.95344849706543,14.011035327254547,1974.344618890438,1,1,6.159472761366699,390685.0337766669
1252.8490841531411,3,3,24.395995203800524,17.24169720187734,2948.6238797223255,1,1,9.355815401078521,402491.62987814844
1096.4349234590902,2,2,16.540574502472175,7.33274404855201,2532.9628495302536,1,0,5.92374936665766,259287.1114766643
2108.5870658735976,5,4,24.85978782709612,10.9273832781925,4447.478911826048,0,1,6.642982415680181,532282.0060538076
1642.07142800191,3,2,46.812634954372186,6.231084950623663,4323.286957657393,1,0,5.380634919494122,399449.4275154207
1339.9738732587016,1,1,16.755236694854695,3.2588017250460197,3667.647695218523,1,0,8.486142601851784,363111.54779662244
1756.7194783845005,2,1,25.033578714238978,14.334843081453435,4732.338687376911,1,1,10.0,451763.86530239094
2307.6084858071863,2,1,35.09334741043331,13.298593146093205,5331.325752240451,1,1,4.357274558595703,474989.34540722246
773.6679695826347,1,1,33.68303937133136,16.81356739156309,1422.7962094758109,0,1,6.480756897047953,181450.77015931872
1126.512589543503,2,1,20.140597012632384,15.82278281624713,3266.323094187167,0,0,8.897169770575053,308571.62445685104
1384.7011011471295,2,1,0.0,13.698509899267034,3472.149442738114,1,1,4.829581717861598,345356.6618067995
2457.530490024148,6,6,26.200433823781594,15.89631665974288,7453.725647054493,1,0,7.850025860456629,604448.4508346668
1927.1641423136834,5,4,0.0,11.701218326407664,5731.4735169812075,0,1,8.832208300311356,566715.603994205
2145.292758207552,4,3,37.63924677129477,14.890239766556803,3533.174373146303,0,1,7.117343221535256,517272.5018235778
1286.9275863931962,1,1,22.033686454319128,6.916989181195483,2109.8748917060293,1,1,7.825394606410199,345133.97494237695
1296.2088561282633,3,2,31.99608823846387,14.58794147947391,2652.9189978424665,0,0,9.64135357919141,309324.89574535313
2001.5161725252196,4,3,9.174666341827386,16.678923797002067,3735.3110530094136,1,1,9.92263983115172,541223.4440270728
1826.223448920951,4,3,1.3699103203993488,7.312230003494578,5393.113724178426,0,0,6.907049180448276,478533.80990464526
2046.932468488857,5,5,23.129052609694007,12.362824692949927,5548.795480586524,0,1,6.20143322605115,480383.93384510506
1715.5480540821966,2,1,19.596758720526296,7.634782432594482,5420.291912175504,1,0,5.620029833389456,386211.57943402743
1925.1646769045822,5,4,14.101510086114011,8.314453124387196,5270.893141704146,1,1,8.465446225643069,513465.76284573233
1871.1535882072992,3,2,21.015935368793166,4.1254945142849175,4912.133218798432,1,0,4.942336663313547,454454.69251049875
2149.9953250882163,5,4,53.20923070438712,20.86042447616589,6922.636364185988,1,1,6.621138943013197,501869.4129579043
2163.1537268750117,3,3,30.014306568428694,19.459796223040335,6017.539784525303,0,1,7.154034656431699,440379.35285762564
1071.0576025237035,1,1,32.59398327035983,15.762036979591361,2721.4080390867534,1,0,6.2454962309218685,246523.9547496487
788.729150096615,3,2,30.127242698640266,25.8053716636067,2672.4287531676,1,1,7.419730397528686,222083.16832020134
2250.785428943178,4,3,37.753545726226314,10.675280124021258,5782.512044453809,1,0,10.0,587516.8585547928
2334.4762919678715,5,4,17.71913992519106,33.22233690577444,5409.9051738012495,0,1,6.817602114480186,504680.6140800588
1340.7196412189983,3,2,0.0,10.407294092457457,2677.8274436995143,1,0,6.346891558858916,342427.5392270424
963.0740670544672,2,1,17.736966403927884,13.786353462292116,2813.9245204875865,0,0,8.52299773657278,245779.08868171394
1844.5656694532404,5,4,29.740828519958022,9.215554602418543,5980.50675014979,1,0,7.359375466218283,479511.07732252136
2218.8772018577383,4,3,8.362395258619117,14.606278920422135,5479.844665599228,1,1,9.159003656817065,582521.0183635359
2608.9175350954415,4,4,17.883608594128034,17.84930449520371,8569.640240921311,0,1,7.247031429729578,608282.388249554
2032.333907445653,3,2,11.698763083972242,11.202585248628413,2678.597760022053,1,1,6.62736518804345,484027.7992882364
1632.7274865364373,4,3,38.024351022117564,24.437038929823345,4027.49456677904,1,0,4.324412667858168,328140.1896647798
1398.0912202868117,3,1,28.993484184878767,13.674044992434226,3461.5942439621995,1,1,4.57039795928239,306993.7397009566
1805.1530812517944,2,2,27.818487447727506,13.893397702771393,3725.4810242871836,1,0,4.246451964359347,434090.9882046567
1665.3308832516345,3,2,27.459215757451656,5.637016138403977,6545.277652887993,1,0,7.569008749426359,416962.06816451857
1343.2194424220327,2,1,19.553008969374478,14.929493521852692,3304.7018673514954,0,0,4.956625780198811,262719.6340001064
2721.940042888479,5,3,22.370675390330042,11.06180945433444,6138.958878852444,1,0,8.883366048879074,750830.7165652364
2603.325780932459,4,4,5.77778503361219,7.742321894638992,6548.867155868509,1,1,7.045369847283931,660171.1192502273
2311.221907599943,4,3,0.0,6.564679142961452,3000.6865754060327,0,1,6.633719621347497,529576.1995652532
1385.6173209858925,2,1,21.80097356414029,30.702343658296797,2832.311607053014,0,1,5.7342173871934925,284433.9652769788
2184.7586959337755,5,5,23.887883075265734,10.155659248746753,6750.781983895742,0,1,7.93338812240531,545015.1031049232
2087.831884274056,5,4,34.51117482110453,1.8011020545311247,4431.700411388314,1,1,5.793253270686383,556314.3746446685
1999.145530891824,4,3,38.85602979298841,7.112449781871992,4003.6385808019227,0,0,5.521932993895179,441989.85309832316
2362.3493701697,4,3,38.83998181998736,11.639025123666505,7762.0076630087715,1,0,8.782524880908023,566939.7580809257
2085.9170142875746,4,5,8.023716880473467,15.826669228315396,6892.188210770469,1,1,7.531931741162534,590586.9447106827
2133.006406336951,4,3,15.772819580602768,15.883575652077194,5994.162409323305,0,0,6.647605857627592,506321.58566855267
2086.6078275174946,3,3,25.764011550576555,16.736301862435678,4646.728733807349,1,0,7.962149477100575,519433.26033148164
1953.3561336009477,3,3,50.38285613290613,7.485977853538692,4602.7269696834155,1,1,7.013397809666048,477364.34168061253
997.3749916286174,1,1,37.76119044456699,14.383083104510819,2012.214042355157,1,0,7.574519725677526,230348.57632442677
1837.6294848347507,3,2,33.43276594398056,5.8675837512259506,3497.259063538037,1,1,5.774728146436818,451981.14322572417
1549.7136185178936,3,3,15.346544533408514,7.662499118901918,2903.156173093007,0,1,10.0,478933.50279129774
1224.0715690619909,3,1,9.401604426138505,5.576037178498184,2606.253226167429,0,1,6.130570048485662,328999.1080769854
2556.8174786853706,4,4,29.466894600598874,3.6812780178121134,4804.688067986188,0,1,9.334024490424966,687282.8605222079
2578.0479033985666,5,4,6.79206482918768,19.44946642200606,4026.335737060153,0,0,6.716696726043285,608910.0475011754
2411.6492701330253,5,3,17.138763788236368,16.820281906852216,6346.59654835891,1,0,8.210645673482443,598541.0525941987
1914.8460375851437,4,3,18.62266461197693,18.836657589846908,5056.643745068129,0,1,8.101335248539204,478734.4302971277
2407.7813044286954,5,5,39.11494506947369,12.275191462170074,8476.535464942586,1,1,8.720277632725068,626565.5326002418
1805.4239312708214,2,1,15.743632364483869,17.437653892056026,3789.5793775286097,1,0,5.739064439253783,356802.6924917777
1891.2587746040008,3,3,0.0,0.32902583249781436,5064.14863948426,0,1,8.613453101918292,524703.0861425048
1307.9378832921077,3,2,26.05333577194962,18.041612626317487,3515.249885639569,1,1,9.76965977636716,383122.8119690181
1978.646087024478,5,4,11.611737762752883,13.239838810035211,4645.262399324672,0,0,6.611960531137214,480389.05248152185
1827.1736677909878,2,1,20.51157229325296,16.389767201044158,5383.9502095269345,1,1,7.052059100713183,432525.67473874806
1213.8065474244909,3,2,18.959543589894515,14.660163093340293,3599.103326213604,0,1,6.214830036279769,304750.38573243585
1776.9612996825315,5,4,16.71555205018678,5.090613918241793,4791.48135635795,0,1,6.48034562172235,497954.1469976334
1764.1216962644362,3,3,29.484086981416446,1.5137215722626731,4139.716510600216,0,1,9.567134198398735,503162.364563106
2608.902524990088,6,5,1.6056214597675122,7.015620836719258,5962.599590694475,1,1,5.493648210804694,667538.3692017118
2202.395997831034,4,3,13.795829300547677,15.954420968910386,3698.588566940523,0,1,5.586821767223842,460366.58827699814
1805.1504475911597,4,3,28.208454957408577,16.830639906227766,3639.99441570186,1,0,9.416351404621565,518086.1348433608
1911.9542894104873,3,1,12.630982695867582,2.42440405832696,4066.335751504561,0,1,7.936822638832544,481849.0267814187
1819.8955701468892,2,1,0.694319488760339,5.132304427722498,3322.4321865179113,0,1,10.0,487955.44181221
1708.6887068420035,4,3,28.02266411908083,6.937350198414125,4722.7376353540185,1,1,6.32434204326122,438433.337502997
1312.907761175271,2,2,33.47713556529847,9.49886457813229,4224.90661279718,1,1,7.189421705856354,331923.28570232866
1732.0266550768818,3,2,19.460057508283924,2.4656441840314347,3386.3936353313834,0,0,6.0089845843422935,452601.07139388134
1464.2557845063689,2,1,0.0,2.0456376370190714,3909.6579183806475,0,0,7.214951752971544,418418.4122639522
1237.358007484584,1,1,28.471636960385794,6.247152925147122,2325.655599235803,0,0,4.338854954073544,258649.94567626662
2030.0498165463905,4,4,0.08134542296374292,12.60377685357504,4703.7202230603925,1,1,8.027431834982512,546798.4707810842
1976.0690969699558,3,2,23.705591322177987,3.7358396217255656,4121.689373542403,0,1,7.485211125238507,500521.8849797618
995.9816198843649,2,2,9.350434103094083,11.189375430197638,2849.640251571149,0,0,6.913668006301122,270768.4841663936
1744.7919131271929,4,3,6.081928570796418,19.40986971299271,3651.3733129502575,1,1,6.4144535131005025,435989.5539860055
2248.0656236549657,5,4,14.697079795043717,2.887541838105429,6984.731458457299,0,0,5.657869018947851,562369.6756404494
2276.6506825033443,5,5,17.800429322872883,10.554879691126224,5355.974486020384,0,0,8.091569368049141,566676.7206020816
2261.6265792983572,6,5,12.269500995362622,19.173297136255407,4772.569838867605,1,1,5.24336502144489,560361.2530670916
1817.510943105657,3,2,27.064439338581806,9.072121267453335,3177.0397401455984,0,0,7.767843868073864,437102.99593471095
